fecha,cliente_id,total
2024-08-12 07:57:17,224,849.26
2024-05-19 10:40:35,463,700.54
2025-01-14 08:28:00,103,406.71
2024-09-13 02:58:13,213,830.13
2024-09-23 17:07:53,270,4720.26
2025-04-19 13:52:54,438,1422.12
2024-10-24 23:09:01,230,3022.77
2025-03-19 21:42:38,34,3598.85
2025-01-12 13:00:56,162,1141.86
2024-10-13 12:43:00,40,3808.04
2024-04-29 07:35:29,122,3114.26
2025-01-31 02:46:39,465,1619.06
2024-07-14 03:24:15,287,766.54
2024-10-25 04:47:30,382,4293.34
2024-05-31 08:08:52,61,992.39
2024-08-22 09:52:37,449,487.2
2024-06-25 04:45:20,433,3894.03
2025-01-04 00:50:35,240,868.31
2024-11-06 07:08:47,459,3332.51
2025-02-17 10:48:58,242,96.13
2025-01-29 15:06:38,470,4333.6
2024-12-06 07:08:45,352,2693.47
2024-09-04 07:19:29,496,1650.58
2025-02-13 10:13:50,120,2376.45
2024-06-25 15:15:02,324,4033.4
2025-02-05 00:35:56,450,3771.7
2025-04-07 19:55:48,2,4937.68
2025-03-10 05:23:17,206,2864.14
2025-03-27 22:14:39,273,575.75
2024-05-13 05:41:21,228,1810.01
2025-02-03 20:15:48,96,3474.24
2025-02-23 06:51:17,354,3548.74
2024-08-10 07:53:29,49,2800.81
2024-11-08 13:31:23,328,75.15
2024-09-07 15:46:27,171,4641.1
2024-06-27 01:46:10,261,4765.6
2025-01-07 16:06:24,68,3915.5
2025-01-27 17:29:16,212,2814.87
2024-05-18 16:32:21,428,1821.01
2024-07-09 17:35:26,210,306.7
2024-07-14 16:57:44,283,4088.31
2025-04-03 12:26:35,460,2293.35
2024-06-03 06:32:23,173,105.1
2025-02-11 05:42:17,256,1479.59
2024-11-17 14:33:19,92,1108.49
2024-05-16 08:53:49,252,3988.92
2024-10-18 13:37:01,283,1306.53
2024-05-20 17:54:02,446,2311.21
2024-04-30 16:49:42,234,1291.76
2024-09-01 17:29:12,205,477.44
2024-08-04 04:04:22,182,2769.22
2025-02-16 00:32:46,26,2840.82
2024-07-24 06:10:08,188,1292.34
2025-02-03 00:41:26,417,2583.93
2024-10-06 06:03:36,332,871.59
2025-01-31 18:01:44,261,4596.73
2024-06-12 17:51:25,492,53.09
2024-07-21 05:06:44,326,4208.16
2025-01-22 07:06:38,435,3719.99
2024-06-19 06:27:41,164,3874.75
2024-09-08 18:10:49,41,2148.78
2025-04-24 16:18:50,469,2151.18
2025-03-16 07:53:07,483,22.07
2024-07-03 20:30:18,328,2984.86
2025-02-03 02:50:26,393,2382.97
2025-02-12 09:41:11,261,4313.8
2024-09-04 21:07:06,109,2717.89
2024-11-11 09:45:45,294,951.38
2024-11-18 21:09:37,20,2577.45
2025-01-31 10:40:27,77,3531.05
2025-03-28 12:50:47,175,3639.01
2025-02-28 04:42:31,107,4275.14
2024-09-27 17:24:37,337,591.89
2025-03-25 07:54:55,417,1855.23
2024-06-03 21:44:08,379,3157.33
2024-10-11 11:20:59,273,1779.46
2024-07-17 15:27:05,77,953.73
2025-02-26 16:40:35,241,4023.49
2024-05-27 11:10:06,171,1702.67
2025-02-05 15:55:08,178,4457.62
2024-09-27 17:31:16,43,705.11
2025-03-19 19:30:29,76,2564.93
2024-12-15 15:00:47,445,4535.43
2025-04-25 03:31:49,312,2568.93
2024-09-23 11:26:11,493,380.54
2025-01-21 13:51:50,265,2383.75
2025-01-30 11:29:39,298,4382.85
2024-09-22 10:30:10,50,1105.24
2024-10-04 06:49:49,64,3532.17
2024-10-08 12:08:53,445,2094.11
2024-12-12 02:06:33,29,2276.95
2024-12-22 04:10:09,77,3166.17
2024-09-22 16:50:25,104,4562.56
2024-06-18 02:09:20,488,147.23
2024-11-24 07:23:56,286,1314.1
2024-11-25 11:22:10,309,3482.18
2025-01-17 02:56:54,176,3450.04
2025-04-23 03:08:06,187,1279.57
2024-05-28 06:04:53,450,3664.91
2024-10-02 09:34:28,141,2816.5
2024-10-25 07:43:40,309,4819.42
2024-06-29 15:47:29,412,2165.43
2024-12-15 15:41:20,42,1283.22
2025-02-07 07:49:09,386,3261.32
2025-03-18 16:00:58,19,3917.78
2024-07-06 10:38:44,186,3563.41
2024-09-03 14:19:06,246,4443.72
2025-01-08 03:41:29,481,3338.68
2024-07-08 04:50:04,58,1632.98
2024-11-22 01:55:05,181,869.61
2025-01-05 04:00:41,369,557.39
2025-03-10 14:41:32,430,2219.28
2024-05-01 01:04:16,359,2817.08
2024-08-17 03:02:59,94,4813.52
2024-11-19 06:21:01,4,4524.14
2025-01-11 17:32:55,36,140.99
2024-11-28 06:44:12,352,2901.16
2025-02-09 22:39:42,28,2338.47
2025-02-27 13:10:55,278,4764.9
2024-12-17 23:26:34,156,1449.96
2024-08-30 18:04:03,464,2025.43
2024-11-26 05:06:22,156,4553.92
2024-07-24 17:54:57,469,4183.59
2024-08-26 11:17:34,460,4715.72
2025-01-11 02:43:09,465,431.46
2024-12-07 12:19:52,252,2340.54
2025-03-25 14:50:37,221,2487.38
2025-04-24 05:21:53,231,2213.46
2024-10-02 16:24:30,43,1095.16
2024-12-05 23:36:39,354,2564.6
2025-03-29 22:14:32,144,4740.0
2024-05-19 19:21:05,490,2055.13
2024-08-12 06:29:50,119,4156.54
2024-11-04 06:36:50,180,4850.65
2025-02-17 13:10:37,166,4971.61
2025-03-23 22:41:05,384,3784.85
2024-09-06 18:40:29,230,4816.79
2025-04-18 18:36:23,146,3501.04
2025-02-04 01:58:49,22,411.74
2025-04-11 22:41:08,225,4864.66
2024-07-07 14:31:44,399,4850.28
2024-05-08 11:19:12,142,1488.82
2025-04-09 05:28:47,1,4722.86
2024-08-16 04:30:58,305,80.95
2024-05-09 06:46:48,149,4423.19
2024-06-23 03:58:39,488,4630.05
2024-07-04 15:34:43,302,2787.97
2024-05-05 06:59:22,372,4916.25
2024-07-11 08:38:13,303,2827.18
2025-04-01 03:28:06,408,832.79
2025-02-19 08:27:07,318,3115.07
2024-12-19 05:10:43,348,3956.53
2025-04-05 10:39:45,316,2753.4
2025-02-05 01:18:41,87,1679.94
2025-02-07 18:59:09,91,2148.75
2025-02-07 17:29:52,17,174.46
2025-02-17 11:33:13,21,3619.71
2025-03-17 15:28:04,71,1846.27
2024-06-11 22:18:48,417,3008.94
2024-09-20 03:56:39,74,4919.88
2024-07-04 08:13:57,7,2149.02
2024-10-21 22:38:30,476,3014.68
2024-10-13 14:36:44,179,1711.62
2025-03-29 09:45:27,246,398.92
2024-06-21 03:10:02,312,984.63
2024-05-11 21:48:53,330,1322.89
2024-05-28 11:00:24,418,2943.94
2024-12-27 07:21:01,75,2231.95
2025-03-20 05:28:45,158,115.03
2024-08-01 03:26:21,283,350.79
2024-10-05 02:28:18,91,1637.52
2025-04-07 21:57:33,70,2443.88
2025-04-20 11:41:17,158,475.49
2024-12-26 08:42:23,93,4025.34
2025-04-07 18:12:33,404,2677.62
2024-12-29 15:10:09,297,3291.85
2025-04-21 01:15:21,497,2225.4
2025-01-18 06:23:00,213,3201.08
2024-09-28 12:32:08,2,4061.53
2025-04-15 21:07:01,222,3786.48
2024-10-12 23:57:15,164,3899.88
2024-10-09 05:45:01,75,1492.45
2024-12-15 14:33:30,96,216.18
2025-02-26 12:12:01,46,2501.34
2024-06-23 10:06:02,172,4097.07
2024-05-17 14:01:14,393,2284.69
2024-09-05 04:03:34,245,4002.41
2025-01-07 12:55:22,105,3018.68
2024-12-18 13:22:12,316,2049.99
2025-04-21 07:44:01,29,3682.82
2024-06-18 04:13:39,268,3199.22
2025-01-23 16:39:25,324,113.05
2024-06-30 08:12:56,110,4091.32
2024-06-11 04:33:36,296,4388.12
2024-10-25 06:56:53,400,2837.87
2024-08-28 03:18:20,403,920.13
2025-02-25 20:30:23,253,3280.18
2024-06-11 12:27:16,246,4008.99
2025-01-11 12:02:31,409,3756.63
2024-09-10 18:23:46,33,4690.07
2025-04-07 09:37:56,239,2410.34
2025-01-26 12:19:16,462,2445.95
2024-09-07 18:07:38,438,2849.07
2024-12-20 21:47:02,111,781.89
2024-12-07 19:23:21,186,4504.16
2024-06-23 10:53:05,74,4164.24
2024-09-03 16:37:21,26,2595.66
2024-12-18 04:55:18,383,1915.26
2024-09-16 14:46:20,293,2660.51
2025-02-03 23:31:59,475,3703.04
2025-03-15 11:31:44,288,3540.48
2025-03-24 17:40:35,225,668.19
2024-12-22 19:01:30,109,1617.55
2025-04-02 14:19:47,3,4088.32
2024-08-24 08:04:52,327,609.17
2024-09-12 09:12:13,255,492.38
2024-05-22 02:30:04,20,1373.9
2024-10-31 01:26:00,164,827.53
2025-03-04 17:45:03,272,4849.04
2025-01-04 21:33:40,43,1413.67
2025-02-20 00:57:21,328,4070.96
2025-01-08 09:28:04,399,4065.63
2024-08-01 15:27:04,326,3015.84
2025-01-13 03:41:53,392,218.5
2025-03-13 12:26:40,364,574.42
2024-05-21 10:49:43,149,574.18
2024-11-21 23:27:26,234,2037.64
2024-06-06 00:10:03,42,2204.6
2025-02-14 21:16:47,167,340.9
2025-03-09 12:14:57,206,2880.27
2025-02-20 21:21:17,86,1883.88
2025-02-23 23:59:51,235,4823.75
2024-12-18 17:19:15,211,2805.34
2024-11-17 22:29:00,70,313.04
2024-06-06 10:34:07,402,3063.47
2024-07-24 18:56:26,155,3290.7
2025-03-07 13:31:07,54,3910.8
2024-07-19 16:30:10,172,2000.65
2024-11-25 23:16:46,432,2873.54
2025-01-21 13:01:14,4,3934.01
2024-05-22 18:08:40,350,2406.0
2024-06-09 14:43:22,109,4966.44
2024-09-28 08:10:43,201,2606.63
2024-08-16 05:58:28,36,567.04
2025-02-10 14:22:58,54,135.17
2024-10-06 17:14:26,281,4612.96
2024-11-08 10:27:49,393,1149.33
2024-05-31 22:24:37,176,684.75
2024-09-17 00:50:52,402,3025.69
2025-01-20 08:39:04,436,2021.97
2024-10-17 12:11:47,220,2748.24
2024-09-02 10:20:52,248,555.28
2024-06-21 05:15:30,421,571.64
2025-04-14 03:31:11,159,4358.6
2024-09-14 14:16:03,308,3320.46
2024-09-02 09:35:56,256,2384.33
2025-01-28 12:51:30,51,1522.66
2024-06-30 02:52:07,438,999.56
2024-12-14 02:23:03,273,1079.39
2024-11-24 11:34:50,392,735.27
2024-07-11 13:28:29,159,1624.14
2024-11-02 14:01:35,7,1686.29
2024-09-06 12:13:46,153,3619.0
2024-08-23 05:33:39,183,1706.9
2024-09-13 20:45:28,61,1445.9
2024-10-21 01:23:47,244,3271.12
2024-12-25 07:00:54,42,1632.46
2025-02-22 14:39:15,220,575.84
2024-07-15 00:33:33,315,3531.38
2024-08-14 18:13:21,272,2101.01
2024-08-18 23:44:44,423,4616.55
2024-06-11 14:54:48,141,4399.03
2024-12-07 04:28:12,22,1389.34
2025-03-05 08:59:31,277,463.66
2024-07-28 10:33:02,41,1499.3
2025-01-09 03:57:02,412,4653.77
2024-06-01 08:15:06,98,2941.52
2024-09-13 14:30:16,329,2273.28
2024-11-12 05:50:39,246,3650.47
2025-03-07 12:27:43,237,2922.65
2024-05-19 09:18:19,365,4022.53
2024-06-23 01:33:48,117,4686.32
2025-04-17 16:33:55,158,3913.28
2024-05-13 19:44:43,341,1211.34
2024-11-27 22:04:34,457,4216.65
2025-01-08 06:23:34,375,836.27
2025-03-09 15:28:43,432,1138.76
2024-05-28 09:43:46,32,2963.24
2025-01-10 17:17:30,102,3828.45
2025-01-26 03:11:37,234,734.33
2025-02-21 09:18:44,390,2476.73
2025-04-08 06:22:34,402,2474.24
2024-08-12 05:44:07,61,2796.91
2025-03-01 14:44:56,112,4340.21
2024-05-09 19:12:59,165,732.05
2025-04-11 03:39:24,195,3783.82
2024-12-25 08:24:18,56,4870.97
2024-12-05 15:17:12,65,1144.02
2025-01-01 01:17:15,224,638.71
2024-08-03 18:20:58,316,4229.52
2024-08-14 03:40:32,490,2176.19
2025-02-22 10:36:03,23,1091.75
2024-07-15 16:36:43,37,4424.25
2024-10-17 07:10:39,479,4196.02
2024-05-20 03:39:11,367,3929.51
2024-12-27 11:53:36,74,4823.93
2024-05-20 23:03:34,224,1607.38
2024-09-30 15:51:25,39,3321.01
2024-06-29 19:52:25,398,4099.25
2024-05-19 00:40:38,177,4024.04
2024-12-24 19:24:07,41,1985.68
2025-01-20 21:02:04,124,133.85
2024-08-18 05:09:48,194,1838.36
2024-06-09 15:11:02,230,640.24
2024-07-22 01:42:21,210,1951.21
2024-09-14 21:26:29,50,1083.11
2024-09-02 05:31:28,464,1821.18
2024-07-21 12:22:02,92,4763.79
2024-08-08 07:37:27,344,219.25
2025-04-21 10:33:55,397,2648.78
2024-08-09 08:42:33,420,291.71
2025-02-13 23:47:22,289,70.99
2024-04-30 08:46:32,497,1523.79
2024-10-11 21:55:10,269,4725.17
2024-06-29 16:49:58,74,3106.69
2024-11-27 12:08:38,311,1524.34
2025-03-31 08:19:20,97,4247.79
2024-10-14 14:06:28,100,2118.43
2024-10-27 22:16:28,306,1761.26
2024-06-25 17:12:40,121,2169.49
2024-05-21 09:58:41,363,4132.39
2024-10-14 21:07:45,94,1935.77
2024-10-09 08:17:56,341,541.86
2024-08-15 23:14:09,54,2362.4
2024-08-12 00:42:15,422,3921.25
2025-01-13 08:36:32,487,361.17
2025-03-12 01:12:05,150,3693.39
2025-03-12 08:31:35,228,2009.38
2025-01-21 06:08:49,420,41.36
2024-08-17 13:24:35,190,2793.44
2024-09-27 23:02:26,432,49.63
2024-10-30 20:37:19,120,4458.67
2025-04-14 11:30:39,131,3137.33
2025-03-23 12:31:43,500,473.84
2024-09-12 04:45:50,395,3307.32
2025-04-03 18:45:41,40,1152.76
2024-11-10 02:14:19,8,427.47
2024-05-25 05:05:34,278,2099.97
2024-07-14 01:21:32,13,4826.92
2024-08-06 06:08:54,332,4118.75
2024-06-30 22:37:50,426,98.69
2024-12-31 13:33:43,169,4743.89
2024-08-04 19:04:03,44,2259.17
2024-09-09 20:59:37,175,513.91
2025-04-19 11:48:57,83,3280.58
2024-12-15 12:22:11,329,3435.78
2025-01-01 23:09:38,272,1723.21
2025-03-02 22:16:59,276,823.88
2024-06-06 08:35:13,37,2548.9
2024-09-26 15:16:00,42,523.99
2024-07-06 11:59:03,47,447.0
2025-02-03 07:00:47,471,4860.82
2024-11-11 08:13:18,413,2008.44
2025-02-21 21:18:24,143,166.68
2024-06-09 08:33:45,401,2029.09
2024-05-18 19:26:45,139,4575.4
2024-06-19 10:07:19,61,4389.54
2024-12-15 00:39:59,348,1788.02
2025-03-31 05:17:53,453,3827.43
2025-04-02 00:24:48,180,4306.13
2025-03-25 22:12:45,102,742.14
2025-01-19 07:40:44,162,1612.64
2025-02-22 03:04:21,45,3205.94
2024-12-16 02:24:13,71,2548.99
2024-08-09 03:10:23,126,771.26
2024-06-23 07:59:02,238,4640.45
2025-03-15 19:04:23,169,2826.89
2025-03-06 10:20:26,477,1427.4
2024-07-17 17:45:59,349,2001.51
2024-12-09 23:58:25,185,3195.01
2024-09-28 00:36:42,495,615.65
2024-12-22 05:40:01,140,3771.98
2025-03-06 11:07:01,97,384.37
2025-01-02 13:12:26,93,3683.28
2024-06-26 12:52:06,57,1525.9
2024-12-17 05:45:57,212,1419.68
2025-02-12 15:41:19,479,4708.91
2024-11-26 14:57:47,332,1923.33
2025-01-20 04:12:47,36,1700.06
2024-11-28 04:40:23,187,3309.6
2024-11-17 14:13:42,4,97.07
2025-04-23 21:42:33,272,4766.63
2025-04-03 04:17:56,395,3140.63
2024-10-25 14:40:14,99,16.42
2024-04-25 11:57:09,390,602.31
2025-01-21 04:29:24,13,564.36
2024-08-24 04:28:12,466,4039.04
2024-05-15 11:52:46,197,443.59
2024-06-07 11:43:38,140,1505.53
2024-10-24 19:16:52,331,488.4
2024-05-23 14:15:54,5,1154.06
2024-06-09 16:59:41,50,187.56
2025-02-03 17:43:05,376,2888.18
2024-06-13 11:09:59,14,4845.51
2024-12-20 19:49:08,145,1015.14
2024-06-05 18:24:40,110,1228.63
2025-03-18 15:52:45,276,178.9
2024-04-25 01:13:00,263,2519.71
2024-10-28 00:10:16,108,3097.91
2024-11-01 05:51:44,490,3822.99
2024-10-02 13:56:14,141,2302.14
2024-07-22 17:30:59,159,3023.79
2024-05-24 15:48:07,356,1153.47
2024-11-15 00:49:14,370,4566.21
2025-01-31 07:53:29,101,1691.54
2024-07-10 23:25:57,409,4657.1
2025-01-10 22:32:43,15,1375.72
2025-02-07 06:36:24,93,3857.14
2024-06-05 14:34:21,7,1388.84
2024-06-15 15:30:04,325,1523.4
2024-12-14 18:30:39,363,1398.18
2025-01-21 08:37:06,247,4913.52
2024-06-21 13:43:39,123,2520.08
2024-12-03 08:03:06,203,2016.87
2024-07-10 16:45:35,433,2691.34
2025-02-04 10:00:36,223,4439.25
2024-09-12 08:42:56,73,1705.06
2025-03-11 12:55:50,287,2509.89
2025-04-07 00:30:33,366,1471.28
2025-02-15 16:43:00,305,1455.72
2025-01-03 08:26:47,346,630.81
2024-07-12 18:01:31,219,3855.38
2024-05-30 20:05:50,433,4306.38
2025-03-05 14:16:17,336,610.58
2024-06-24 19:41:19,55,3261.0
2024-06-22 17:31:12,413,2718.85
2025-03-19 21:04:32,173,3689.62
2024-10-28 20:33:13,273,3183.28
2025-02-10 15:20:37,230,2106.06
2024-12-10 23:32:02,124,4989.2
2024-08-23 07:34:58,140,407.77
2025-01-05 14:43:01,267,3884.17
2024-10-04 09:09:08,80,4771.57
2024-12-23 04:05:26,198,2515.47
2024-12-18 02:28:42,274,171.53
2024-11-09 08:28:38,182,3687.32
2025-01-29 23:48:55,413,2643.25
2025-02-28 01:59:59,128,1576.94
2024-07-01 14:27:22,438,3223.66
2025-03-27 19:55:42,272,3699.35
2024-08-02 21:11:12,203,195.07
2025-03-11 12:39:39,218,2455.54
2025-01-14 02:14:36,360,2649.77
2024-07-17 15:21:17,261,3040.8
2024-12-13 19:44:47,390,1005.96
2024-06-20 07:21:52,69,496.1
2024-11-05 09:16:25,279,2113.39
2025-03-14 06:16:57,135,4870.73
2025-03-26 16:46:17,491,1596.94
2024-07-16 23:49:05,182,2494.35
2024-10-03 11:51:49,26,3203.8
2024-06-24 06:52:48,211,1856.24
2025-02-10 04:15:49,276,1409.53
2024-08-31 16:51:27,56,1082.57
2024-10-13 06:34:09,393,44.03
2024-12-26 16:44:06,406,1146.25
2024-11-18 11:24:30,358,967.09
2025-02-14 00:26:21,292,3675.5
2024-11-12 09:41:05,53,2235.42
2024-07-08 22:54:37,276,1945.44
2024-09-02 04:50:26,345,4173.96
2024-10-24 14:17:52,300,4338.97
2024-06-20 21:08:45,186,3272.91
2024-06-09 10:47:15,33,4931.32
2024-07-15 01:24:26,98,131.93
2025-01-27 17:52:38,310,2632.62
2025-01-20 19:59:35,347,2597.07
2024-05-15 18:01:35,336,2175.53
2024-06-07 13:05:38,117,593.96
2025-03-23 21:20:05,116,754.84
2024-06-28 01:11:59,119,3837.61
2024-08-01 19:26:20,15,1988.44
2024-06-03 10:18:30,363,971.67
2024-12-11 11:21:56,173,2501.43
2025-04-04 16:18:30,328,950.74
2024-07-29 08:15:23,322,1342.97
2024-12-07 01:02:27,266,2839.78
2024-11-03 21:33:36,86,502.0
2025-03-31 14:10:41,397,3300.48
2024-06-17 03:04:31,113,2461.93
2024-05-25 13:00:06,350,656.7
2025-02-18 19:05:03,362,3958.29
2025-01-13 05:03:53,498,2083.62
2024-05-06 13:11:46,120,1391.82
2024-06-20 03:36:05,356,1704.28
2025-03-14 22:01:18,168,2967.93
2024-05-27 07:12:48,129,3645.29
2024-07-20 03:43:14,300,179.38
2025-01-15 20:19:29,219,1346.38
2024-12-30 01:11:13,17,2134.94
2024-07-06 02:08:20,184,2070.78
2025-04-21 18:56:39,310,2951.91
2025-03-31 20:23:12,183,4816.75
2024-07-14 20:08:23,424,3944.06
2024-05-20 22:50:56,113,3418.99
2024-07-23 12:08:10,449,2561.13
2024-07-27 17:13:54,230,1325.96
2024-10-14 20:16:01,190,739.69
2025-03-09 07:02:07,416,306.93
2024-07-23 01:27:51,128,2392.7
2025-02-16 18:48:02,40,1714.08
2025-04-11 05:04:10,70,3739.12
2024-04-25 16:41:20,140,1509.78
2025-03-03 09:19:52,258,4917.3
2025-01-02 01:38:04,409,935.62
2024-05-13 12:10:57,384,2250.92
2025-03-02 09:21:23,432,3522.45
2024-11-12 06:08:29,390,3227.33
2024-12-30 22:36:08,429,614.68
2024-05-19 23:34:50,329,2968.74
2024-10-25 04:39:02,479,2062.33
2024-10-28 21:43:39,300,4529.76
2024-07-30 23:25:22,77,1949.81
2025-02-02 04:31:03,107,3750.53
2025-02-13 23:12:36,427,2183.12
2025-01-31 01:17:01,41,468.76
2025-01-25 20:51:36,370,2760.17
2025-01-05 02:10:25,437,4492.15
2024-10-02 23:20:28,297,1025.88
2024-08-03 13:44:25,211,2655.38
2025-03-05 20:04:42,239,538.99
2024-09-08 17:48:13,390,350.02
2025-02-16 04:43:29,225,411.1
2025-02-13 09:01:05,326,3494.0
2024-10-10 04:50:31,217,758.19
2024-08-12 09:34:39,258,1925.12
2024-09-14 03:45:12,447,499.9
2025-02-16 14:39:51,478,2509.06
2024-08-26 19:55:17,471,3629.1
2025-01-15 05:41:23,233,1828.78
2024-12-11 01:47:40,426,901.39
2024-11-06 21:07:58,326,2557.4
2024-10-29 23:46:33,375,1292.7
2024-06-17 03:03:08,487,4232.12
2024-10-31 06:33:14,388,4729.7
2024-11-19 07:41:32,21,3753.38
2024-06-22 07:13:15,384,3235.87
2025-03-28 13:13:20,167,1794.83
2025-02-14 05:42:41,71,3262.54
2025-01-14 11:12:55,373,865.75
2024-12-11 03:00:13,450,4404.48
2024-12-08 00:16:08,191,3056.13
2024-10-17 17:47:18,343,794.56
2024-05-07 16:17:10,98,2717.22
2024-05-23 00:30:49,466,4406.58
2025-03-01 17:14:13,152,4442.7
2025-04-01 01:53:57,289,1039.52
2024-08-13 06:10:34,339,3106.0
2025-02-09 10:34:56,2,4758.49
2024-09-14 07:53:47,339,2048.02
2024-05-10 02:05:26,65,1228.17
2025-04-19 19:59:25,309,4293.86
2024-09-12 16:58:11,304,4119.59
2024-09-18 14:24:29,179,118.99
2024-07-10 05:58:00,10,356.39
2025-02-04 01:20:25,181,1404.28
2025-04-03 17:31:29,215,2833.51
2024-09-01 23:24:13,473,2772.16
2024-08-30 02:46:17,464,1121.66
2024-09-08 18:48:20,211,141.88
2024-09-12 22:57:03,151,1903.03
2024-05-23 12:31:33,412,2869.57
2025-01-03 11:39:42,156,882.83
2024-11-18 17:03:30,356,3954.75
2024-06-28 23:31:45,388,3279.14
2024-08-09 19:44:27,332,2418.04
2025-04-24 01:17:18,300,537.96
2025-04-14 22:16:41,269,3478.44
2025-04-23 17:54:54,244,401.22
2024-07-18 03:44:32,150,338.43
2025-03-18 04:06:48,307,4671.98
2025-03-02 01:54:09,354,4810.0
2024-09-02 13:55:59,389,1592.84
2024-11-17 03:37:02,370,4737.3
2024-05-27 14:04:45,194,4936.04
2025-01-03 08:56:32,282,3756.01
2024-12-10 11:49:59,498,1284.49
2024-09-02 02:06:17,248,1292.1
2025-03-05 02:28:41,467,2635.81
2024-05-01 13:31:59,399,152.55
2024-08-22 04:54:51,389,4504.21
2024-11-13 12:12:41,475,1409.28
2025-04-19 17:17:32,68,4150.37
2024-12-30 08:09:23,238,4118.82
2024-10-24 23:00:09,219,1572.25
2024-09-14 07:29:34,305,4975.33
2024-06-06 03:39:57,83,2711.09
2024-04-30 14:05:58,219,4155.53
2024-10-15 16:31:45,361,3300.57
2025-01-19 22:09:19,262,4148.05
2024-09-20 01:25:25,45,2850.02
2025-04-11 10:02:09,375,690.89
2024-11-09 00:39:18,157,2550.83
2024-10-31 04:19:47,195,2514.03
2024-06-20 07:17:22,451,4823.51
2024-11-15 03:58:36,189,2584.38
2025-03-01 04:30:36,16,4355.83
2024-10-19 10:51:09,441,1909.17
2025-04-04 13:09:59,103,3697.3
2024-12-19 06:08:15,366,2243.77
2024-07-27 15:17:31,65,1718.82
2024-08-22 20:20:19,15,2094.18
2025-04-04 19:54:54,284,1946.47
2025-03-21 12:25:49,15,3252.53
2025-04-18 02:17:14,47,539.62
2025-04-13 00:34:26,89,1658.84
2024-05-14 03:57:30,50,2266.74
2024-11-13 16:36:39,116,3902.0
2024-08-13 14:06:40,477,1194.25
2025-02-10 06:15:54,217,970.65
2024-05-14 14:35:33,387,3819.83
2024-11-17 12:59:47,442,3940.27
2025-01-12 06:24:35,298,2333.29
2025-02-01 10:43:05,331,2952.43
2024-12-17 02:01:20,184,478.06
2025-02-26 01:29:24,312,2473.07
2025-01-17 21:31:35,343,3531.81
2024-12-28 05:10:50,284,3868.84
2024-10-20 18:43:43,269,2041.6
2025-03-27 02:50:37,241,1456.39
2024-07-14 07:54:35,465,1925.59
2024-05-30 23:02:23,160,3098.72
2024-07-21 21:57:09,251,2388.35
2024-07-28 12:42:28,66,3604.75
2024-10-30 16:09:36,132,3640.23
2024-09-13 21:16:45,10,2166.6
2024-07-30 07:59:21,365,4178.93
2024-08-17 18:01:08,434,345.45
2024-07-06 17:04:05,202,1004.69
2025-04-22 12:06:38,240,4593.04
2025-02-02 15:19:52,38,174.86
2024-10-01 13:06:53,231,502.47
2024-09-02 05:56:53,412,2968.02
2024-08-09 23:44:31,137,4615.79
2025-03-25 12:26:42,358,3346.44
2025-02-08 19:59:12,42,4993.67
2024-12-07 04:03:48,88,1779.13
2025-03-31 07:11:43,411,1981.07
2024-05-05 06:07:06,341,4407.49
2024-05-29 06:09:26,73,4963.12
2024-08-22 23:38:58,490,4885.14
2024-08-05 02:12:02,357,1764.78
2024-08-30 06:41:26,357,200.08
2025-03-15 21:00:00,73,2803.4
2024-12-08 15:14:19,273,3957.6
2024-06-01 07:29:14,417,256.87
2024-08-19 10:32:19,152,1521.97
2025-04-22 20:49:08,221,3462.02
2025-04-18 13:04:36,409,2721.29
2024-07-10 18:19:41,259,662.52
2025-02-09 00:10:36,309,1260.76
2024-06-25 04:39:35,445,3134.07
2024-05-26 05:52:56,12,250.46
2024-08-02 12:41:17,18,3175.32
2024-06-03 22:28:34,56,301.83
2025-04-14 15:13:00,449,1928.3
2024-11-22 09:24:54,20,4803.71
2025-02-21 01:42:24,339,1211.15
2024-09-15 08:23:09,326,1966.1
2025-01-11 02:08:28,351,1899.64
2024-11-10 13:37:48,98,3787.32
2024-08-19 23:09:41,200,929.33
2025-03-25 20:59:17,62,4220.98
2025-01-08 08:11:45,424,1115.81
2025-03-23 18:54:44,170,348.45
2025-02-16 19:35:49,91,1227.86
2025-04-20 18:10:16,191,3154.8
2024-06-29 18:37:25,181,562.06
2025-03-13 07:31:46,241,3876.12
2025-04-08 08:58:03,257,951.45
2024-09-03 07:00:04,415,503.34
2024-06-29 01:31:58,52,3641.53
2024-05-20 01:31:49,263,4720.95
2024-07-26 14:03:32,397,4989.71
2024-08-10 04:38:57,219,96.18
2025-01-03 06:45:14,111,2503.38
2024-11-22 22:33:43,38,2175.5
2024-12-04 03:30:23,115,166.67
2024-10-15 22:44:02,467,4988.81
2025-04-13 10:12:04,148,2172.6
2025-02-05 17:18:28,429,2224.16
2025-04-19 01:14:06,263,1593.17
2024-09-01 23:46:37,4,3826.8
2024-10-13 12:11:36,414,2330.17
2024-06-08 23:12:05,186,3079.46
2024-12-01 17:49:05,478,2800.05
2024-08-31 05:56:16,355,1345.64
2024-06-25 23:42:12,478,1830.39
2024-07-26 19:25:04,463,673.14
2024-07-30 03:29:15,85,4227.48
2024-06-14 19:18:50,219,3601.71
2025-01-28 11:56:54,136,4428.67
2024-09-24 21:49:47,428,131.97
2024-05-12 22:06:51,484,1941.81
2025-04-03 00:50:43,174,3486.39
2025-01-07 19:27:44,4,927.61
2024-07-24 02:58:44,479,3032.67
2024-09-24 11:29:03,184,301.5
2024-11-17 02:07:40,167,4595.49
2024-07-01 01:58:27,312,2549.67
2024-06-06 20:34:47,387,3954.61
2025-04-11 07:50:01,337,4265.28
2024-09-26 21:07:34,282,1344.43
2024-11-14 18:19:19,65,1945.14
2025-04-11 22:28:31,305,889.11
2024-12-04 22:12:06,27,4613.43
2024-05-02 21:49:54,455,854.53
2024-05-12 16:12:13,43,4465.99
2025-01-01 03:55:22,243,2316.99
2024-10-11 04:57:02,227,4032.54
2024-12-02 12:00:13,478,1866.59
2025-01-10 23:31:23,301,2872.27
2024-07-26 16:55:01,104,2754.56
2024-08-31 13:48:18,441,4719.3
2025-01-18 01:30:18,395,3779.16
2024-10-03 20:51:16,149,747.71
2025-01-05 11:29:56,42,2379.29
2024-11-24 11:06:45,176,250.24
2024-08-19 04:55:43,415,3880.16
2024-06-24 18:03:21,378,1293.29
2024-09-27 02:34:19,435,2236.67
2025-02-21 11:22:23,55,745.17
2024-06-16 02:50:33,108,1197.16
2024-07-22 17:59:10,69,164.89
2025-03-11 13:00:35,448,4265.55
2024-06-30 08:42:06,373,1941.75
2024-10-12 08:06:10,275,729.47
2025-01-19 09:55:48,229,4736.18
2025-01-08 04:53:34,458,934.06
2024-12-15 18:58:49,80,1667.48
2025-01-15 13:58:46,245,3507.19
2024-05-28 20:39:33,176,2372.23
2024-08-22 15:53:36,107,4993.71
2024-08-24 13:40:40,406,4809.82
2024-12-26 05:16:06,397,1779.05
2025-03-18 01:35:52,153,4426.37
2025-01-29 01:05:31,184,1063.21
2025-04-18 15:23:45,399,2858.6
2024-08-08 10:04:53,186,307.5
2024-05-27 10:51:22,442,4967.45
2024-06-17 23:40:41,189,3885.03
2024-07-01 00:37:21,420,887.75
2025-04-14 17:57:13,50,2705.9
2024-08-20 23:38:20,257,988.42
2024-10-13 17:46:01,56,2603.72
2025-02-19 11:57:19,257,4341.16
2024-08-05 07:25:11,154,3502.83
2024-07-11 16:08:42,346,2665.63
2024-10-30 15:37:55,21,4229.06
2024-06-26 15:02:10,138,1724.92
2025-03-01 04:25:42,349,4141.87
2025-03-29 08:25:24,378,161.77
2024-09-14 13:54:47,71,3986.77
2024-06-27 03:38:55,417,3419.45
2025-03-29 20:07:52,168,3111.03
2025-04-03 09:21:38,478,3477.28
2025-01-06 08:18:58,189,695.39
2024-06-13 16:09:25,485,3593.32
2024-10-25 11:24:55,94,3624.75
2024-08-10 19:00:53,354,4875.25
2024-05-10 05:07:36,220,2484.32
2024-07-22 16:42:47,275,408.87
2024-10-28 22:17:27,360,2599.54
2024-06-08 12:16:48,440,3957.99
2024-08-17 17:45:53,374,4923.27
2024-05-30 17:05:20,114,1596.38
2025-03-26 14:15:23,201,638.03
2025-03-11 09:41:22,126,1671.48
2025-02-15 22:08:07,378,3516.76
2024-07-13 03:41:58,219,716.29
2024-06-26 09:59:13,65,1256.47
2024-05-28 23:36:39,426,205.77
2024-07-11 02:04:27,451,3772.22
2024-06-03 04:19:26,178,2793.92
2024-08-03 21:04:25,226,3572.41
2024-08-20 06:04:02,168,836.01
2024-08-24 00:24:01,297,2843.26
2024-07-16 00:28:09,372,2584.43
2024-10-10 00:07:38,157,34.66
2025-02-13 06:08:49,77,2573.25
2024-06-19 18:19:33,371,2710.0
2024-08-20 17:08:29,480,533.94
2024-05-02 10:30:21,404,3808.87
2024-05-12 20:08:27,489,2527.37
2025-03-19 08:44:07,102,1533.36
2024-08-16 18:36:37,186,362.91
2024-07-09 12:20:04,439,1913.5
2024-06-25 22:14:42,62,3993.2
2024-10-08 09:50:40,54,2003.81
2024-08-28 00:12:42,80,290.42
2025-01-30 11:08:30,222,532.78
2024-05-21 23:16:16,498,4009.27
2024-06-10 10:53:01,301,2568.32
2024-07-18 15:30:42,487,1882.58
2024-04-25 23:47:28,397,2667.04
2024-11-08 16:03:14,229,2746.08
2024-08-03 07:45:26,472,1954.03
2024-05-12 00:27:11,312,4302.32
2025-03-08 02:22:46,78,1815.94
2024-04-26 18:40:05,280,2777.79
2024-11-02 02:42:47,181,1925.75
2025-01-18 17:56:28,27,285.23
2024-08-30 01:56:29,442,3601.9
2025-02-07 18:07:17,22,894.13
2024-05-12 18:10:26,371,162.44
2024-06-08 17:10:44,295,2311.04
2024-06-24 15:57:39,287,194.64
2025-01-07 00:45:37,377,1920.38
2024-05-30 21:41:55,76,1407.8
2025-04-21 11:44:19,293,146.57
2024-06-24 23:09:08,19,4495.86
2024-06-06 14:09:54,242,3131.28
2024-11-13 21:10:44,358,1611.79
2024-10-28 04:18:41,173,2466.72
2025-03-24 07:44:54,86,2361.4
2025-02-28 19:33:52,398,758.14
2024-06-15 21:57:01,145,4800.12
2024-06-15 04:46:27,380,2156.74
2024-10-31 09:03:53,59,3971.75
2024-10-14 16:35:17,342,2559.75
2024-07-24 02:16:33,217,1621.85
2025-01-16 11:06:05,120,2614.4
2024-09-28 08:40:24,240,2828.63
2024-10-31 21:01:00,293,4630.63
2024-05-24 12:38:33,68,2357.96
2024-12-12 08:14:31,114,1101.4
2024-12-23 20:22:28,26,667.66
2024-09-29 03:45:12,242,66.61
2025-01-12 12:17:50,361,977.2
2024-12-28 09:55:07,51,3799.48
2024-07-14 20:13:08,65,4938.77
2025-01-12 15:34:43,116,2060.07
2025-02-25 00:53:13,410,2945.58
2024-08-10 23:43:13,435,3994.94
2024-07-29 15:47:53,453,2825.91
2024-11-19 20:26:32,220,2657.21
2025-01-23 22:27:21,413,594.98
2024-12-10 07:57:06,331,1659.18
2024-11-06 15:35:05,40,2736.81
2024-05-24 01:55:48,459,3378.9
2024-06-13 06:25:54,311,2215.86
2024-08-14 08:49:10,224,1157.67
2025-03-14 23:31:57,392,3435.18
2024-08-01 09:14:01,413,1149.06
2025-01-02 09:35:15,496,2489.38
2024-06-16 18:27:00,339,2888.07
2024-06-17 22:26:21,174,3264.52
2024-10-28 18:47:05,485,1611.18
2024-08-18 20:43:14,323,4582.35
2024-09-25 11:21:10,7,982.26
2024-06-24 08:54:33,336,126.49
2024-10-11 01:24:33,36,911.38
2024-11-02 18:14:39,274,3965.8
2024-08-18 08:55:06,50,3859.23
2024-06-22 16:17:52,170,3211.96
2024-05-09 00:33:15,119,115.09
2025-03-21 15:06:14,339,2090.63
2024-11-15 15:00:53,368,3074.36
2024-05-25 22:49:53,469,1125.76
2025-03-31 04:12:48,287,3067.75
2024-06-07 18:40:07,309,1535.45
2024-08-17 16:44:56,205,2438.28
2024-07-26 04:41:57,310,4902.67
2024-09-10 18:29:35,331,4129.33
2024-09-02 15:09:34,404,3260.67
2024-04-26 15:09:33,145,2980.28
2024-08-03 17:44:38,17,4535.71
2024-10-15 19:50:50,73,1486.54
2024-12-23 19:05:16,111,1036.0
2024-06-01 17:42:00,464,1547.26
2024-07-22 05:19:30,437,3109.13
2024-12-06 18:33:42,115,4186.97
2024-06-27 04:40:22,307,1766.95
2024-09-11 16:21:02,169,4224.38
2024-05-21 02:18:44,352,1776.41
2025-01-17 21:02:20,105,4799.11
2024-10-26 23:37:53,212,673.89
2024-11-25 02:38:29,76,97.55
2024-08-04 12:08:04,8,2751.59
2025-04-03 09:07:30,175,2126.32
2025-03-25 07:37:57,13,1483.22
2024-07-15 07:06:23,202,2225.77
2025-01-06 06:57:56,126,2503.1
2025-04-19 15:08:25,380,2821.0
2024-08-22 02:33:08,22,1853.22
2024-06-26 08:47:42,498,1181.24
2025-02-17 12:19:14,244,4967.08
2024-07-26 12:35:20,432,3251.94
2024-11-07 09:12:26,173,4772.09
2024-07-04 23:25:46,318,4215.96
2024-05-08 06:12:13,193,262.58
2024-07-05 23:01:58,380,1536.83
2024-07-30 06:21:38,122,2726.37
2025-03-20 01:23:00,13,4188.74
2024-05-18 05:14:50,115,45.97
2024-11-07 10:02:59,154,2674.53
2024-09-20 07:30:58,460,2133.19
2025-01-07 10:14:40,145,4519.1
2024-08-21 20:48:13,80,3920.49
2025-03-21 22:07:47,371,4458.56
2024-11-30 12:11:12,458,3534.07
2025-01-08 10:32:58,30,3640.53
2025-04-09 15:13:28,50,2692.77
2024-09-16 05:07:07,199,3898.73
2024-10-22 18:54:30,19,48.2
2024-09-18 06:44:24,122,1627.07
2024-10-23 14:51:19,459,461.73
2024-08-14 18:59:20,366,3611.7
2025-01-07 05:40:18,142,1153.55
2024-07-23 23:24:56,343,4205.64
2024-08-23 08:05:41,477,2403.85
2024-06-02 12:12:53,19,4784.6
2025-01-05 17:26:52,350,276.31
2025-04-18 00:54:26,474,575.01
2025-04-24 01:39:19,485,1977.77
2024-07-09 02:46:08,293,4810.09
2025-01-20 04:12:12,468,702.87
2024-12-22 16:11:58,215,728.39
2024-11-19 05:34:10,296,3767.66
2024-11-24 09:28:12,453,833.28
2025-03-30 15:19:06,169,2368.56
2024-10-13 13:55:52,130,3540.24
2025-02-28 11:05:52,212,885.7
2025-02-11 11:43:30,240,1719.37
2024-06-03 05:18:12,325,4255.09
2024-05-13 07:19:21,167,1692.78
2024-06-29 13:26:31,315,494.97
2024-09-30 04:31:05,180,414.63
2025-01-06 13:42:54,182,4784.34
2025-01-03 22:33:21,451,4535.57
2024-10-10 10:58:51,419,753.73
2024-05-21 16:48:21,445,529.35
2024-07-26 03:49:13,495,960.79
2025-03-28 21:45:01,280,2542.53
2024-05-31 23:37:30,172,2645.19
2024-07-16 05:59:35,435,609.15
2024-11-30 05:42:17,170,579.14
2025-01-03 10:46:30,40,3028.27
2024-06-08 13:16:20,215,1180.47
2024-07-01 15:39:03,203,2168.98
2025-03-02 10:44:34,333,3187.17
2024-08-22 14:23:46,164,2675.05
2024-12-25 03:48:38,110,123.47
2025-04-19 07:33:46,9,1729.95
2024-07-08 16:05:07,141,4002.67
2024-07-10 17:39:08,75,884.2
2025-04-04 22:07:34,2,2642.09
2025-04-24 16:56:55,159,1645.47
2024-04-30 18:38:49,397,1605.75
2025-01-12 23:46:21,488,878.16
2024-08-23 03:53:40,47,4702.87
2025-02-16 16:04:08,201,705.09
2025-01-09 19:42:24,317,2429.2
2024-11-18 06:32:24,353,3668.57
2024-12-10 18:14:26,266,1420.12
2025-02-04 12:02:21,271,2313.37
2024-09-14 21:52:25,35,2207.23
2024-08-07 07:23:03,148,254.37
2025-04-11 23:24:31,193,4465.58
2024-05-03 18:01:21,306,1844.79
2024-12-31 02:23:52,321,3423.32
2025-02-05 21:49:04,77,2887.85
2024-09-11 03:10:04,412,1941.67
2024-06-05 02:18:19,142,334.2
2025-01-02 22:52:05,156,1694.97
2024-11-29 03:21:38,324,161.4
2024-12-01 22:02:33,387,487.83
2024-07-21 06:41:51,62,1473.53
2025-01-24 02:04:23,246,128.8
2024-07-05 06:42:07,271,1857.2
2024-10-23 16:38:48,240,1890.74
2024-08-18 20:55:32,258,1042.74
2025-01-24 18:16:10,445,2607.9
2024-07-14 23:47:56,87,2393.98
2025-04-21 03:40:55,340,1069.35
2025-03-20 12:18:04,463,718.71
2024-04-30 23:09:38,492,4958.54
2024-07-16 02:39:54,199,1724.75
2024-12-04 01:37:10,224,1174.93
2024-07-23 13:20:28,148,4623.6
2024-12-25 05:50:37,417,3494.08
2024-10-11 20:08:52,451,1731.9
2024-12-18 14:02:36,292,2344.09
2024-10-01 14:40:06,47,2944.26
2025-02-22 06:42:31,36,943.15
2025-01-06 22:35:19,4,1924.88
2024-07-05 04:18:46,389,3030.95
2024-05-05 06:25:23,432,3272.51
2025-04-01 17:38:01,53,2385.75
2024-05-10 16:08:22,488,3678.91
2024-08-09 07:58:13,189,1937.58
2024-06-18 13:59:08,101,1064.64
2024-08-30 13:57:09,309,342.8
2024-10-03 10:09:11,54,2867.81
2024-11-10 21:00:02,30,1906.95
2024-08-17 20:55:45,424,502.64
2024-09-29 18:40:10,317,3693.44
2024-11-03 16:27:56,15,4808.41
2024-05-21 16:01:11,308,1236.24
2025-03-29 20:59:32,105,2139.82
2024-12-08 22:45:32,289,2905.71
2024-06-08 00:16:00,312,1818.04
2025-03-31 01:10:03,157,2224.62
2024-11-16 19:54:12,471,2696.66
2025-03-29 05:43:31,462,3817.17
2025-04-21 16:37:06,394,3713.0
2024-07-09 21:29:25,455,4677.51
2025-01-15 14:50:01,14,1926.89
2024-06-12 12:16:41,461,1330.29
2025-01-15 12:03:00,17,1118.27
2024-04-27 11:42:29,226,3952.27
2024-08-28 07:27:28,282,3272.78
2024-08-18 18:46:41,96,1546.77
2024-11-20 22:46:34,56,103.03
2024-08-20 07:44:42,365,4547.33
2024-12-10 23:44:19,55,24.79
2025-04-06 10:35:11,180,2937.69
2024-10-15 00:24:37,479,4885.96
2024-07-17 11:26:06,265,1290.66
2024-12-03 11:24:53,238,4413.25
2025-02-03 08:11:54,449,2853.87
2024-08-20 10:29:42,322,1409.8
2024-08-23 23:28:04,5,1337.04
2024-08-27 18:01:19,345,288.49
2024-10-20 08:29:25,102,511.27
2025-01-28 01:41:36,268,554.71
2024-10-08 11:41:38,38,4457.2
2024-12-02 02:17:53,194,4839.35
2024-11-14 22:53:45,103,914.6
2024-11-22 09:02:18,427,1692.42
2025-01-18 18:34:46,336,4860.36
2024-09-25 08:37:09,44,4938.15
2024-09-10 16:09:53,19,3440.77
2025-04-24 01:51:55,202,3711.16
2024-12-26 11:43:33,468,4369.66
2024-05-30 16:59:49,295,719.85
2024-07-08 22:17:54,351,1343.13
2024-07-03 20:45:44,365,2147.28
2025-02-19 12:01:44,250,3456.05
2024-06-01 22:45:08,427,2144.28
2025-03-01 03:01:26,316,3297.07
2024-09-08 20:32:04,33,1489.56
2024-10-15 18:48:17,491,2770.78
2024-12-13 00:23:46,72,45.24
2025-03-26 09:07:50,258,4505.15
2025-04-15 21:51:27,127,952.18
2025-02-09 03:44:52,442,3972.84
2025-01-12 15:41:02,462,2936.78
2024-08-26 07:03:32,147,2179.53
2024-08-22 11:29:36,66,2806.18
2024-12-01 04:35:57,383,3254.28
2025-04-06 16:57:26,121,236.68
2024-05-13 04:57:43,264,3604.53
2025-03-31 02:56:54,177,2974.34
2024-11-24 07:25:33,368,3365.52
2024-07-25 23:27:51,46,4833.49
2024-09-02 20:07:13,29,1071.08
2024-11-27 03:19:21,479,4003.31
2024-08-20 06:48:59,196,1519.37
2024-07-27 08:08:47,61,837.55
2024-12-20 13:58:00,84,4807.46
2024-07-11 23:27:03,398,1991.85
2024-08-18 23:15:52,456,4587.43
2025-02-07 23:58:07,101,4884.02
2024-08-06 14:12:39,85,611.72
2024-06-20 10:47:54,455,3801.64
2024-09-13 23:04:48,386,2986.25
2025-03-15 22:37:22,145,1669.84
2024-12-01 14:57:40,23,4547.35
2025-01-13 02:38:05,375,1356.25
2024-08-22 09:31:15,266,2023.38
2024-08-03 22:42:07,327,1464.89
2025-04-02 20:11:09,234,4278.69
2025-01-07 06:39:04,91,2329.93
2025-01-29 20:31:09,26,2665.6
2025-01-23 00:50:29,135,2758.98
2025-04-04 17:56:42,105,4220.24
2024-05-03 06:26:03,350,2451.68
2024-11-29 03:05:50,341,2497.28
2025-02-20 23:20:30,67,3633.56
2024-07-06 19:03:16,138,3009.16
2025-01-23 09:28:05,347,1781.38
2024-08-09 14:02:39,458,4944.0
2025-03-05 06:41:38,496,1938.46
2024-11-08 23:42:40,157,180.61
2024-07-21 11:04:46,480,3261.22
2025-03-21 03:58:11,255,4142.14
2024-07-20 19:59:47,171,4387.57
2025-03-25 14:17:39,477,2754.15
2025-03-14 06:36:59,438,4214.82
2024-10-10 17:23:45,262,3408.72
2024-08-24 05:40:38,50,4214.3
2024-11-14 05:34:32,349,3654.63
2024-10-09 21:08:15,178,4407.32
2025-02-06 19:39:03,220,2624.5
2024-05-12 12:48:08,68,345.18
2024-10-01 03:15:31,297,1932.83
2024-06-30 20:56:12,14,571.95
2024-12-19 16:17:18,141,1529.24
2024-04-27 23:21:36,200,4637.32
2024-12-19 06:00:57,319,4399.79
2025-02-22 12:23:00,319,1332.43
2025-01-19 23:57:33,94,4542.17
2024-12-06 18:10:19,487,360.53
2024-07-09 16:57:09,42,3328.35
2024-12-04 05:59:44,249,3325.18
2024-10-17 00:45:07,426,251.32
2025-02-18 08:44:38,280,2930.52
2024-05-01 09:36:32,101,4525.74
2024-05-21 06:02:55,63,1452.87
2025-03-09 14:20:38,76,4013.86
2024-07-11 15:54:17,432,1321.08
2024-11-15 21:11:10,449,4311.65
2024-11-16 20:06:01,324,2999.39
2025-03-19 18:05:21,416,1322.13
2025-02-17 04:29:00,169,860.1
2024-05-29 18:58:07,398,4349.82
2025-02-17 17:35:09,484,4895.73
2024-12-29 14:02:52,279,3710.97
2024-12-24 21:40:02,251,3900.23
2025-02-19 16:07:25,49,105.05
2025-04-20 06:55:44,76,255.17
2024-05-21 23:43:44,419,552.86
2024-05-31 16:07:03,394,2863.09
2024-08-27 10:54:38,220,3371.28
2024-12-12 20:10:37,227,637.13
2024-08-08 10:53:31,186,4813.76
2024-12-10 13:20:18,342,4270.88
2024-06-16 06:26:54,225,3507.55
2024-12-11 08:46:51,63,1211.0
2024-12-18 15:18:46,319,3668.85
2024-07-04 09:58:22,33,4154.82
2024-10-16 11:57:57,104,3458.3
2024-05-31 04:57:57,104,2942.89
2024-06-28 11:40:06,100,2819.33
2025-03-25 00:53:03,208,2439.09
2024-12-10 08:47:08,282,2246.33
2025-01-18 08:55:58,356,1106.26
2024-11-21 05:11:55,96,4018.66
2025-01-06 06:29:09,152,1012.25
2025-02-05 05:10:43,42,1505.03
2024-10-07 00:40:05,206,498.73
2024-06-22 09:38:11,477,270.83
2024-11-21 10:41:54,428,895.69
2024-12-15 12:35:18,372,3302.66
2025-01-09 01:06:24,239,4979.33
2024-09-21 07:40:45,62,2682.64
2025-03-19 02:33:38,216,79.7
2024-08-29 18:00:02,174,3612.93
2024-06-26 20:17:03,379,4929.9
2025-01-16 20:07:11,55,1516.03
2025-01-01 08:24:53,384,438.81
2024-06-19 13:57:38,222,2007.4
2024-08-30 13:35:07,496,2364.05
2024-09-03 08:39:07,461,929.46
2024-10-29 02:05:46,468,3666.32
2024-11-15 03:31:20,456,3237.08
2024-05-15 23:50:31,129,1515.09
2024-12-01 17:48:34,397,3226.51
2024-11-06 15:29:51,69,4121.25
2024-10-11 06:23:37,477,3110.69
2025-04-18 14:57:33,206,236.29
2025-01-26 14:59:41,418,354.68
2024-09-15 18:01:38,190,3589.68
2024-11-13 23:45:38,366,1406.24
2024-10-09 08:56:19,388,386.37
2024-12-26 14:44:36,59,4519.26
2024-05-29 00:47:20,491,4156.14
2024-12-18 15:59:09,322,3075.09
2025-01-08 14:58:36,230,2570.52
2024-09-29 16:31:08,106,213.62
2024-11-15 13:27:32,160,3845.87
2025-03-09 13:06:43,431,1916.1
2024-10-19 05:25:53,374,954.05
2024-06-22 06:11:29,394,571.13
2025-04-12 01:17:39,84,3841.11
2025-02-27 14:02:48,135,413.33
2025-02-08 09:20:40,52,3502.09
2024-07-27 06:59:44,477,4858.46
2025-02-10 16:26:29,404,1389.88
2024-07-22 05:53:07,66,4266.05
2025-03-22 23:57:34,80,3749.51
2024-05-22 02:13:34,140,352.77
2025-01-14 20:40:49,191,556.5
2024-08-29 13:03:57,40,4782.83
2024-05-18 12:13:25,370,580.22
2024-10-29 03:33:47,125,1050.16
2025-01-18 18:58:42,9,3107.19
2025-04-09 18:58:21,52,1898.3
2024-08-15 11:41:31,207,2787.09
2024-09-04 08:05:26,285,4070.48
2025-02-04 16:37:46,325,3983.13
2024-07-12 15:18:43,323,565.72
2025-04-10 04:44:29,299,2548.23
2024-09-07 15:59:52,459,715.65
2025-03-29 13:38:24,75,1160.59
2024-08-05 06:57:14,152,3289.97
2025-02-28 13:09:45,443,4745.9
2025-02-18 08:57:33,34,4690.62
2024-06-30 06:37:23,296,250.57
2024-05-29 05:32:33,159,4517.99
2024-11-15 11:04:34,363,525.54
2024-11-29 17:38:28,230,4148.03
2024-09-10 14:04:34,119,267.76
2024-08-22 17:31:14,105,2994.03
2025-04-04 17:07:13,201,2093.23
2024-11-27 08:11:29,281,857.85
2024-08-25 04:13:12,187,593.61
2025-01-12 02:49:04,336,3036.37
2025-01-20 13:51:15,152,1757.47
2024-05-05 05:40:38,307,1776.4
2024-09-29 00:57:55,62,1231.66
2024-10-25 01:40:01,201,998.79
2024-12-20 15:09:13,202,2024.7
2025-01-05 23:19:54,329,3911.37
2025-01-05 06:59:14,387,894.74
2024-10-07 06:00:08,432,1763.58
2025-01-01 04:25:31,64,1410.96
2024-05-26 06:46:04,156,52.77
2024-06-29 13:22:52,51,4640.33
2025-01-27 10:38:38,235,3830.67
2024-10-15 10:53:17,34,198.48
2025-03-16 02:52:52,395,1031.03
2025-04-03 09:04:55,24,1937.7
2024-06-03 04:48:46,474,808.82
2025-04-04 07:34:40,159,495.32
2024-05-24 04:10:00,113,2483.94
2024-07-19 22:29:36,412,3496.65
2024-11-27 18:22:03,365,3296.16
2024-12-26 06:40:39,14,2996.5
2024-07-27 10:46:43,199,2533.75
2024-05-15 11:17:47,436,4354.92
2025-01-29 03:19:26,440,516.9
2025-03-29 09:10:59,383,4321.99
2025-02-04 15:43:02,55,2585.72
2024-08-12 20:14:41,171,2325.24
2025-04-08 00:57:10,301,1921.29
2024-05-03 05:08:50,435,4948.54
2025-03-31 15:39:01,353,4804.38
2025-02-06 23:14:20,413,4983.54
2024-05-25 22:13:05,352,1759.24
2024-09-21 02:55:13,39,2838.98
2024-06-16 03:17:00,495,4343.85
2024-08-15 19:13:38,383,2417.72
2025-04-20 10:08:40,204,514.43
2024-07-14 23:48:46,177,862.28
2024-12-29 01:59:53,167,4120.25
2025-01-29 14:32:55,109,3718.72
2025-03-21 10:51:55,43,3863.45
2024-08-15 04:40:04,311,2901.31
2024-12-05 03:58:52,118,3500.91
2024-06-05 10:58:43,274,3671.56
2025-04-14 10:50:28,136,2028.83
2025-03-29 22:52:15,482,2585.24
2025-03-30 04:41:57,105,1636.21
2024-08-10 02:37:05,30,4216.9
2024-06-16 19:43:56,258,1010.24
2024-05-10 21:39:19,244,3688.37
2024-04-28 02:52:32,474,623.39
2025-04-17 12:18:08,408,2214.67
2025-02-02 01:47:37,13,1294.01
2024-12-28 22:58:31,159,1544.34
2024-09-20 00:05:53,171,777.7
2024-06-08 00:38:51,371,3960.37
2024-08-03 10:20:52,124,2143.35
2024-07-22 21:03:03,172,3395.39
2025-02-05 19:02:49,332,534.82
2024-05-24 22:36:40,195,4473.48
2024-10-03 03:21:33,282,4158.98
2024-07-19 04:04:58,492,2105.26
2024-06-08 00:14:07,191,2091.49
2024-10-26 16:53:49,323,2698.27
2024-12-23 21:36:12,76,324.35
2024-06-07 00:05:05,163,4229.31
2025-03-19 11:23:09,495,1124.69
2025-03-17 20:28:07,299,4678.84
2024-08-17 18:55:09,477,3545.05
2024-11-01 14:38:10,188,482.28
2025-04-07 03:01:11,252,403.11
2024-10-07 17:13:38,22,1124.67
2024-07-31 09:19:58,338,4148.62
2025-01-09 16:40:58,83,2063.59
2025-02-09 03:42:55,169,1489.21
2024-06-28 21:31:45,76,2861.7
2025-03-09 12:14:00,204,433.79
2025-04-06 21:09:44,61,1153.5
2024-08-06 18:57:24,491,664.84
2024-12-15 07:30:10,105,2109.68
2025-03-09 06:29:03,58,3498.63
2024-05-13 01:23:24,309,1207.46
2024-07-24 06:07:56,385,1163.52
2024-08-27 01:38:34,209,4380.62
2024-04-26 09:26:34,301,612.24
2024-06-07 01:41:06,485,2832.5
2024-09-30 00:23:43,51,4034.28
2025-01-11 08:47:44,468,601.92
2025-01-01 13:58:16,3,1089.63
2024-08-10 02:40:36,189,585.49
2024-08-01 15:34:24,493,2893.95
2024-12-30 07:49:39,217,2283.58
2024-05-12 21:22:12,189,2064.43
2025-01-17 10:34:30,121,1418.1
2025-04-25 02:38:15,167,1290.01
2025-04-03 13:24:54,262,405.01
2025-01-22 01:53:45,95,1167.44
2024-10-01 18:12:27,500,1276.87
2025-03-30 20:14:57,311,701.98
2024-10-14 12:48:26,79,597.72
2024-09-03 20:40:11,367,866.05
2024-08-29 16:46:18,470,195.29
2024-07-14 11:56:56,115,3550.35
2024-07-09 04:43:30,124,4701.73
2025-02-12 11:47:56,455,921.76
2024-09-11 04:46:08,50,4519.71
2024-10-22 08:10:53,478,3538.56
2025-02-19 01:46:51,145,3013.06
2025-04-09 06:58:53,92,4106.35
2024-06-26 03:57:38,349,3773.4
2024-10-22 14:19:49,287,1305.21
2024-05-23 23:51:42,367,2451.43
2024-08-11 06:04:38,85,4277.89
2024-09-06 05:22:52,151,2977.47
2024-09-18 01:08:14,189,345.5
2024-09-12 18:46:58,42,280.92
2025-03-25 15:28:37,366,2158.9
2024-12-06 11:02:13,246,3341.52
2024-11-24 20:35:53,29,4404.62
2024-08-10 02:41:37,29,274.77
2024-08-11 00:41:36,208,3080.12
2025-03-11 10:51:18,22,4071.4
2024-06-14 08:04:59,405,4560.53
2025-04-04 10:09:52,473,4990.94
2024-05-19 09:51:12,57,3594.12
2024-11-04 00:37:40,199,4244.51
2024-09-22 16:59:45,137,852.15
2024-09-03 03:32:14,446,594.66
2024-08-16 00:37:24,445,4158.13
2024-09-11 07:44:39,161,2705.32
2024-07-22 09:29:46,392,500.11
2024-12-26 18:54:28,240,4969.38
2025-03-28 17:52:20,54,4452.65
2024-05-28 09:05:43,293,3934.69
2024-09-09 07:00:04,69,3222.64
2024-09-24 09:54:01,284,1552.08
2024-08-04 13:18:15,276,276.78
2025-01-05 04:04:17,400,1269.08
2024-11-14 20:07:26,177,4414.19
2025-03-26 03:04:33,313,4213.72
2024-12-11 18:14:23,141,309.83
2024-06-01 03:49:41,180,3696.32
2024-09-02 22:12:06,164,4551.43
2024-07-11 09:07:02,442,1501.78
2024-10-07 21:45:25,281,4219.49
2024-09-29 04:33:34,64,2545.75
2025-01-01 08:35:23,148,630.12
2024-06-27 15:45:13,278,2068.3
2024-07-04 03:44:32,79,3689.95
2024-12-01 07:03:21,400,2720.85
2024-07-17 01:26:20,171,1192.56
2024-11-09 08:37:51,492,3648.09
2024-09-03 02:58:18,17,4726.82
2024-05-26 03:59:37,48,672.78
2025-02-09 18:04:08,143,4611.74
2025-04-22 04:22:38,427,182.79
2024-06-22 15:29:28,122,3603.66
2024-08-29 21:58:25,93,1609.34
2025-01-21 09:07:51,466,549.77
2024-10-21 19:29:24,383,800.84
2024-06-12 16:40:51,399,1722.96
2025-04-06 07:06:23,97,259.92
2025-01-03 17:51:24,229,585.78
2025-03-26 07:00:29,318,1588.18
2024-12-29 09:08:56,383,2778.07
2025-04-17 23:38:36,123,4195.28
2024-11-25 18:04:04,252,4315.13
2025-03-12 04:18:40,407,4622.99
2024-10-15 10:06:12,52,924.16
2025-01-15 10:30:59,322,3261.99
2025-03-11 02:33:33,484,2476.12
2024-06-11 19:34:43,180,3802.36
2024-06-14 12:59:25,91,479.84
2024-08-04 22:46:24,82,2698.03
2024-06-16 16:21:14,138,650.64
2024-11-12 19:59:24,32,4000.35
2024-09-09 07:41:55,229,133.93
2025-01-08 16:14:12,338,252.82
2024-12-20 09:39:01,87,1177.7
2025-03-12 03:16:13,69,3237.3
2024-06-13 09:57:06,28,1414.52
2025-04-20 08:17:05,451,4952.56
2025-04-17 19:45:08,282,1264.25
2025-04-22 17:03:45,392,4804.09
2024-08-09 02:49:06,234,1045.22
2024-10-24 00:43:10,133,804.84
2024-09-03 00:39:20,418,3830.26
2024-07-20 23:17:25,255,2441.15
2024-09-28 11:03:03,26,1694.76
2024-09-28 18:19:48,459,110.62
2025-03-07 18:18:00,365,4373.47
2024-08-02 04:48:18,137,4009.25
2024-05-27 19:25:02,68,1428.15
2024-04-28 20:33:52,274,4399.15
2024-10-09 07:04:11,283,2297.64
2025-03-23 05:19:19,8,3703.44
2025-02-08 09:24:05,460,1554.58
2024-10-19 22:51:55,130,3151.54
2024-06-26 12:45:23,458,2389.73
2024-12-22 02:08:12,222,2520.65
2024-05-10 12:28:23,139,2883.58
2024-12-28 13:00:30,479,2640.69
2025-03-03 16:08:09,477,2662.94
2024-10-01 17:04:38,249,3334.07
2024-10-14 09:32:08,499,43.02
2024-05-06 01:37:42,367,4675.98
2024-09-18 21:07:43,40,2480.25
2024-11-07 06:48:23,326,2233.29
2024-08-14 05:56:16,234,3045.13
2024-05-28 02:29:04,301,1778.49
2024-05-15 04:17:03,397,1010.51
2024-12-20 17:40:10,112,3584.25
2024-08-13 05:35:39,198,3229.71
2025-02-07 09:04:54,83,4085.02
2024-04-30 06:28:10,137,3001.12
2025-03-26 12:58:13,7,2979.29
2024-05-23 22:11:31,269,4495.5
2024-10-17 16:48:10,338,2082.37
2024-12-12 14:29:53,196,1298.0
2025-03-14 13:50:50,460,2532.98
2024-08-17 15:43:17,346,2821.16
2024-10-04 22:35:25,329,2545.38
2024-11-27 11:39:31,57,1625.66
2024-08-13 08:39:17,42,1882.14
2025-04-07 16:06:55,425,3690.06
2025-02-23 14:42:08,249,4314.56
2024-09-23 03:12:27,281,3735.89
2025-04-18 15:08:48,118,2240.75
2025-03-19 04:53:31,205,2906.94
2024-06-21 05:38:54,170,472.81
2024-09-11 09:23:10,120,3473.66
2024-12-19 14:14:20,472,4666.32
2024-08-17 12:58:30,324,4239.82
2024-11-07 01:41:57,93,4161.74
2025-01-12 01:22:18,109,2518.01
2024-10-25 13:03:47,70,2625.76
2024-12-19 04:59:14,485,336.43
2025-03-20 20:25:49,41,3587.14
2024-08-14 03:47:16,456,508.44
2024-08-26 02:03:54,414,3786.6
2024-12-12 21:14:30,413,4853.83
2024-10-13 06:16:16,429,951.16
2025-03-20 02:02:29,381,1423.5
2024-06-28 06:19:12,473,146.24
2025-04-07 21:37:48,243,4363.36
2024-08-07 15:10:16,346,665.16
2025-01-22 20:36:45,74,1297.66
2025-01-21 04:10:26,293,4795.01
2024-11-14 05:57:13,434,3346.7
2024-07-25 15:10:03,355,2500.82
2025-03-06 07:23:58,212,1945.61
2024-07-01 14:05:29,237,3571.61
2024-10-28 05:35:03,128,2816.48
2024-09-26 13:20:48,422,1658.62
2024-05-19 14:06:26,418,477.49
2024-11-01 17:02:04,199,4205.44
2024-07-08 06:58:11,222,802.99
2025-04-02 04:08:47,91,3072.94
2024-10-24 16:16:00,93,1817.51
2024-05-08 02:53:25,119,1641.12
2024-07-05 02:33:01,106,3086.44
2024-08-21 21:20:29,145,228.92
2024-09-14 14:53:48,283,2547.95
2024-05-06 22:52:39,417,4541.1
2025-03-04 08:08:47,422,2739.38
2024-08-23 07:17:27,307,3326.93
2024-05-09 23:03:12,110,2397.14
2024-11-01 09:49:38,357,1832.05
2025-04-07 19:04:42,234,4454.98
2025-01-28 02:43:47,373,3776.81
2024-07-24 07:34:30,373,4503.29
2024-08-25 14:34:13,303,2213.48
2024-06-21 16:39:05,275,3068.02
2024-07-10 18:45:15,120,2427.75
2024-05-08 23:38:54,28,2823.02
2024-09-30 08:33:00,160,4084.93
2025-02-22 15:06:19,388,22.35
2025-02-16 13:33:50,397,3363.7
2025-03-29 05:10:01,455,1899.07
2024-07-19 17:24:30,209,4163.93
2025-01-29 08:05:39,395,2731.11
2024-12-26 18:55:01,118,4959.07
2024-09-04 07:54:08,302,2036.65
2024-09-04 09:47:42,485,2275.36
2025-01-23 19:32:57,389,2331.26
2024-11-20 20:23:35,380,4640.87
2025-04-15 02:49:08,154,4334.68
2024-06-08 08:40:55,306,4877.55
2024-10-21 15:24:53,168,1664.85
2024-12-13 10:55:38,163,3438.91
2024-11-04 01:13:55,185,1252.83
2025-02-14 20:51:40,207,383.84
2024-09-11 02:09:41,406,2307.86
2024-12-14 14:38:04,191,4377.64
2025-04-15 06:39:43,211,568.96
2024-10-22 23:24:48,8,206.52
2024-08-29 01:28:52,166,1140.26
2024-05-23 22:19:35,117,4063.48
2025-03-28 23:32:18,136,2544.09
2024-06-16 06:17:11,333,1212.08
2025-02-21 21:35:43,159,4009.14
2025-03-13 23:54:54,423,2271.09
2025-01-04 22:09:22,435,2964.7
2024-06-13 08:07:40,484,1659.07
2024-10-11 17:32:41,116,1079.4
2024-10-19 19:27:53,340,1077.08
2024-10-28 13:34:33,457,585.09
2025-04-24 17:44:53,463,671.02
2024-06-26 03:31:08,280,2513.64
2024-04-29 09:26:07,335,205.95
2024-12-19 15:59:39,184,934.91
2024-09-27 13:46:59,78,779.34
2024-11-23 04:31:46,217,3559.35
2024-07-18 23:20:42,27,4197.8
2024-09-16 05:25:11,215,1180.25
2025-03-14 07:12:53,103,2763.3
2024-09-01 00:26:10,322,1225.91
2024-11-23 20:02:10,272,2438.22
2024-05-17 03:18:22,165,3130.98
2024-08-09 10:22:50,81,712.97
2024-10-26 02:45:56,110,4617.01
2024-10-25 21:43:14,357,1181.8
2025-02-17 11:36:19,97,2551.56
2024-08-30 22:04:48,116,1942.31
2024-04-25 20:43:15,420,544.61
2024-04-25 17:04:16,274,4784.93
2025-02-03 15:37:30,102,1419.02
2024-07-26 14:11:47,167,4014.13
2025-04-01 07:32:11,128,2849.22
2024-04-27 16:26:36,56,3620.32
2024-09-08 03:54:57,332,886.03
2024-10-24 07:35:21,152,4611.72
2025-03-29 16:08:04,31,2787.51
2025-03-31 03:42:34,227,164.82
2025-01-18 09:03:23,117,1000.98
2024-08-16 21:12:32,347,1874.78
2024-07-09 18:16:40,10,4105.48
2024-10-09 03:43:25,12,612.73
2024-12-14 19:10:46,2,951.85
2025-03-05 20:53:53,277,4542.02
2024-08-24 03:52:19,139,2495.44
2025-02-06 15:41:28,186,3777.87
2024-09-22 12:41:21,207,2058.18
2024-07-20 15:56:06,189,4638.81
2024-11-24 15:24:17,215,865.0
2024-09-01 14:19:43,222,1066.16
2024-10-13 00:34:17,448,3528.74
2025-01-25 01:03:49,113,2552.9
2024-09-24 10:34:22,395,219.94
2024-07-17 20:56:57,342,1314.83
2024-12-12 09:36:39,322,3070.62
2024-07-27 19:10:34,72,3909.69
2025-03-25 12:42:49,83,1514.5
2024-06-06 05:08:12,330,2825.2
2024-12-27 02:49:01,420,2432.98
2024-12-28 04:33:36,155,3103.17
2024-08-19 17:47:00,133,3305.18
2024-05-24 02:16:57,398,2844.79
2025-03-10 23:23:20,323,946.64
2024-09-02 02:41:26,413,3167.31
2024-10-06 17:45:32,426,3314.23
2024-05-27 19:16:05,5,1770.21
2024-07-28 14:38:22,250,3840.89
2024-11-21 22:02:49,303,4285.62
2024-12-25 08:59:21,179,4745.24
2024-10-12 14:17:56,283,1217.85
2025-04-13 20:58:58,400,897.31
2024-05-19 05:39:56,78,1423.12
2024-06-22 07:25:02,279,1914.05
2025-02-08 05:48:08,152,3507.48
2024-06-26 16:10:48,175,2519.24
2024-11-04 21:07:11,64,2361.02
2024-10-10 21:36:53,241,2216.96
2024-06-22 16:51:30,380,3994.08
2025-03-07 04:50:48,17,2821.18
2024-06-04 15:36:13,88,344.13
2024-07-15 15:05:08,399,964.26
2025-02-13 06:56:50,499,3908.1
2024-06-26 13:23:54,233,2847.95
2024-05-05 21:38:36,149,718.7
2024-12-06 17:53:09,104,2963.58
2024-07-13 19:40:36,166,3770.63
2024-07-14 02:03:32,202,1530.54
2025-04-07 07:15:06,430,2119.55
2024-10-27 14:46:13,153,55.14
2024-12-22 07:48:51,327,4364.14
2024-07-02 04:02:22,358,3440.34
2024-07-30 11:03:54,191,1684.58
2025-04-13 08:42:14,51,278.94
2024-12-15 05:37:37,395,3307.97
2025-02-21 01:06:17,409,3479.17
2025-01-31 05:42:11,37,1722.76
2024-11-01 23:16:55,342,3468.53
2025-01-19 10:00:12,10,4063.29
2024-08-26 21:51:58,38,2036.7
2024-12-17 01:02:00,115,816.96
2024-04-25 21:15:57,401,1973.98
2024-06-11 03:49:59,94,3950.82
2024-12-22 13:22:11,256,1594.31
2025-02-10 08:51:38,52,3278.94
2024-11-22 09:49:49,101,3117.15
2024-08-11 07:59:41,388,3852.95
2025-01-21 05:48:50,161,1774.58
2024-11-03 16:42:59,210,1939.61
2024-08-01 09:15:24,292,4809.55
2024-11-13 16:15:24,260,2003.5
2024-08-27 15:58:46,215,2602.12
2024-10-12 10:38:14,63,3949.53
2025-04-16 21:00:54,312,3308.11
2024-06-24 23:52:46,402,426.52
2024-05-07 13:46:11,101,1235.91
2024-05-06 08:41:44,231,3074.3
2024-09-07 23:40:36,382,1335.11
2024-08-05 19:35:20,61,4273.56
2025-04-23 06:10:34,482,1922.41
2025-01-28 00:40:29,91,675.81
2025-03-04 15:53:35,131,4532.45
2025-01-16 02:26:39,248,4976.89
2024-09-12 04:22:58,354,1256.9
2025-03-24 15:49:07,56,786.32
2024-06-15 16:53:50,82,4724.01
2025-03-05 21:38:45,262,2155.0
2024-06-15 12:52:53,433,1855.48
2024-12-10 09:48:49,217,4832.46
2024-07-19 03:14:08,159,4135.62
2024-10-13 00:24:09,185,1382.04
2025-02-28 12:10:04,132,3573.66
2024-07-17 02:04:21,408,265.09
2024-07-15 16:53:31,360,4973.62
2024-06-20 05:46:26,196,4563.69
2025-04-02 20:05:49,154,4451.69
2024-09-07 14:09:04,4,1353.34
2024-08-16 14:29:19,34,4126.99
2024-07-10 03:35:52,249,783.37
2025-02-14 18:25:28,398,4503.82
2024-08-06 02:20:57,155,922.13
2024-09-21 16:33:35,311,2743.02
2025-01-22 12:36:44,372,4079.46
2025-04-16 12:43:08,302,4131.16
2024-08-31 16:44:32,297,88.12
2024-11-26 15:42:37,166,1647.34
2025-04-18 16:56:44,424,4934.02
2024-09-15 17:59:04,459,2768.05
2024-12-13 12:05:30,152,4021.26
2024-06-24 02:21:37,381,422.82
2024-05-02 01:49:32,16,3030.63
2024-10-27 09:10:19,198,4477.21
2025-01-23 23:30:58,430,4132.28
2025-02-03 14:12:30,74,1581.09
2024-05-30 10:25:12,358,2876.21
2025-01-03 23:17:05,368,4895.79
2024-10-20 04:37:58,359,2644.36
2024-08-03 17:18:27,257,808.45
2024-10-11 20:48:11,224,4368.28
2024-11-20 12:54:36,449,2135.81
2025-03-04 21:37:46,47,543.57
2025-02-14 20:00:56,183,3381.16
2024-06-08 00:40:51,349,4854.54
2024-12-20 19:23:49,94,1535.28
2025-01-31 00:51:05,489,383.39
2025-02-03 12:29:39,356,2392.97
2024-11-14 09:26:23,447,566.25
2024-05-23 05:40:48,207,4959.06
2025-03-29 14:36:02,299,2190.5
2024-04-30 01:35:54,78,30.87
2025-03-18 12:24:05,66,4190.01
2025-03-18 12:09:43,271,2017.45
2024-05-25 10:14:47,445,376.91
2024-07-04 17:50:43,408,4092.88
2024-12-22 19:14:09,54,375.59
2024-10-18 08:01:00,96,1864.14
2024-11-02 03:42:13,319,3495.0
2024-09-18 05:59:58,343,380.31
2024-07-22 12:01:40,125,579.06
2025-03-07 23:58:06,310,3329.19
2024-07-14 00:11:10,268,316.39
2024-07-07 10:36:02,432,1948.92
2024-11-07 04:14:12,5,2311.12
2024-05-16 21:07:26,263,1584.16
2024-10-27 16:25:17,336,3044.8
2025-01-10 09:51:18,41,4779.02
2024-12-04 10:05:05,65,4981.74
2024-10-10 16:13:13,196,3361.64
2025-04-02 01:19:39,50,1050.66
2024-08-30 22:37:58,290,1004.58
2024-07-26 22:38:57,287,4672.67
2024-08-15 16:40:55,442,3749.9
2024-06-08 18:59:23,116,2063.82
2025-04-14 01:59:23,205,943.82
2024-09-04 06:06:48,238,4868.95
2024-07-12 11:24:06,290,3299.74
2025-01-22 00:44:59,415,4967.96
2025-01-16 01:06:38,474,3443.97
2024-05-08 11:08:12,211,1040.63
2024-06-11 07:04:50,302,2035.76
2024-10-08 13:28:10,7,2283.46
2024-11-06 16:42:05,282,3872.41
2025-03-17 13:02:55,435,1404.86
2025-02-08 03:40:36,185,3545.9
2024-12-14 05:26:53,137,4000.89
2024-07-18 17:08:39,354,1395.89
2024-10-06 00:18:16,348,1724.45
2024-06-30 04:33:32,71,3503.98
2024-10-31 18:25:18,396,2997.32
2024-10-23 00:10:33,180,4729.08
2025-03-14 15:29:33,310,70.47
2025-02-14 14:48:19,177,850.57
2025-01-13 02:15:56,41,35.86
2024-05-24 16:38:16,272,840.05
2025-02-28 02:59:40,272,1046.77
2024-05-16 13:03:17,388,2057.6
2024-12-21 12:41:29,457,20.22
2024-12-09 12:40:38,331,4212.07
2024-10-14 10:25:34,83,3194.22
2024-10-26 06:34:47,278,1992.77
2024-12-23 12:16:05,100,2717.04
2025-02-09 19:30:14,149,3320.55
2024-11-11 09:46:22,373,4149.46
2025-02-26 00:37:24,296,460.05
2024-10-29 20:53:13,235,3033.16
2024-09-24 12:27:10,345,657.96
2024-11-14 02:36:00,45,4629.59
2025-01-13 15:08:32,175,2126.12
2025-02-06 01:05:14,231,3902.64
2025-01-24 02:49:57,155,3837.67
2024-06-27 17:18:57,134,3809.38
2024-07-24 09:36:43,461,1369.21
2024-07-21 19:37:46,246,4703.85
2025-01-29 02:44:47,187,1352.4
2025-01-20 16:23:45,22,2728.9
2024-11-22 21:55:20,226,4936.03
2024-12-11 18:17:01,43,1762.34
2024-06-20 14:02:03,374,1123.25
2024-12-24 21:39:18,101,1554.54
2024-09-17 14:28:28,85,1676.34
2024-09-18 21:35:35,476,3896.58
2024-11-15 10:53:01,232,2273.06
2025-01-04 20:54:27,125,2034.85
2025-02-17 18:21:04,49,3392.99
2024-12-21 06:39:11,338,2060.93
2024-08-25 02:58:56,388,1047.89
2024-10-14 14:19:50,481,3866.44
2025-02-23 03:41:40,452,3955.48
2024-05-22 04:32:18,18,1123.82
2024-10-29 04:55:04,201,1515.98
2024-09-10 20:24:43,350,3960.24
2025-03-17 22:31:30,454,4652.74
2024-05-16 21:03:19,426,4613.13
2024-05-24 02:20:42,218,3399.64
2024-05-29 19:11:45,310,1686.99
2024-05-23 18:07:31,310,2317.64
2025-01-07 01:11:30,356,794.33
2024-08-02 10:20:56,211,1755.49
2024-07-05 23:52:54,470,667.39
2024-10-10 05:01:28,338,3410.51
2024-05-05 06:00:27,72,994.79
2024-11-05 00:46:59,47,4407.05
2024-10-14 11:52:11,222,1231.27
2024-05-15 02:17:47,71,4100.9
2024-08-28 01:39:49,90,310.03
2025-03-09 19:44:20,299,1438.23
2025-01-01 22:41:37,47,3426.61
2024-09-15 21:59:15,417,1000.75
2024-08-22 10:34:51,375,1240.35
2024-08-28 14:37:39,244,3136.11
2024-12-10 16:38:08,297,2472.33
2024-10-08 17:30:23,127,1464.2
2024-11-21 17:52:34,378,1340.25
2024-10-04 11:54:18,286,97.4
2024-05-25 19:01:32,278,1142.61
2024-08-02 03:46:20,118,895.63
2025-04-11 02:59:35,498,2964.94
2024-12-04 04:37:27,28,4334.01
2025-04-07 00:13:52,237,2159.21
2024-07-27 13:38:43,435,306.82
2024-12-17 10:16:57,134,4403.62
2025-01-27 20:55:49,202,202.33
2024-10-30 04:36:10,121,1434.91
2025-01-01 09:26:31,139,4936.38
2024-08-27 03:52:56,344,233.54
2024-09-14 02:37:12,342,1222.81
2024-04-27 14:51:01,427,1046.03
2025-04-06 00:39:54,425,4442.19
2024-11-05 04:47:38,12,4613.33
2025-02-07 14:32:08,114,2856.44
2024-09-24 15:42:11,381,3524.37
2025-03-28 12:18:01,218,3846.23
2024-10-17 08:06:58,284,3509.95
2024-06-21 05:42:26,470,1705.36
2025-02-08 07:23:39,355,1112.27
2025-03-18 17:55:39,313,4864.2
2025-04-22 11:26:18,261,3055.45
2024-07-02 23:18:51,436,2001.32
2025-04-04 09:46:19,323,649.32
2025-02-11 18:19:22,27,4656.17
2025-01-27 20:45:04,87,192.94
2024-11-27 16:31:07,140,1875.6
2025-03-23 03:45:28,7,3981.28
2024-11-28 16:04:01,283,1960.15
2025-01-05 22:21:05,395,911.52
2025-02-08 09:21:38,117,4811.61
2025-02-07 17:45:08,408,1643.09
2024-05-11 05:42:30,49,652.59
2025-03-28 13:53:25,262,1436.05
2024-09-26 10:32:43,152,2491.79
2025-03-29 01:06:17,376,2842.24
2024-09-10 23:08:41,110,4816.21
2024-11-25 19:33:49,155,3420.98
2024-09-10 04:09:42,202,1812.91
2024-11-06 09:19:07,103,2512.69
2024-06-03 20:35:07,254,2250.86
2024-11-20 15:44:50,129,1478.53
2024-07-22 03:03:25,345,203.31
2024-10-20 05:59:16,454,1552.17
2024-12-15 17:50:19,138,145.61
2024-09-14 22:25:05,10,4884.88
2025-02-26 21:05:58,362,3062.67
2024-07-10 11:53:48,250,2989.75
2024-11-07 10:45:14,248,3506.18
2025-02-19 13:17:23,305,584.36
2024-05-02 08:36:13,200,4876.15
2025-04-11 06:45:53,464,3248.74
2024-06-17 03:56:32,48,1650.2
2024-06-29 12:39:28,50,2613.35
2024-07-27 18:53:45,141,3815.69
2024-07-10 20:39:47,177,4695.52
2024-06-16 07:21:35,132,3275.2
2025-03-29 07:53:48,476,4495.05
2024-12-25 16:02:28,434,4209.12
2025-01-13 10:17:16,413,3375.86
2025-04-14 21:10:21,449,2493.48
2024-12-31 02:54:57,494,3343.63
2024-05-13 22:56:53,146,3097.95
2025-01-04 12:03:55,448,1724.81
2024-09-21 15:20:34,303,1117.79
2024-10-30 13:20:05,210,1447.3
2024-11-30 15:26:39,456,1289.72
2025-04-20 04:21:10,114,903.67
2024-09-29 10:32:22,441,3687.37
2025-04-03 04:03:04,374,3349.7
2024-06-14 05:07:23,43,4495.94
2024-11-16 08:01:47,210,4832.05
2025-03-30 03:53:43,488,666.05
2024-06-12 21:20:32,355,4471.71
2024-07-13 20:28:19,356,190.5
2025-01-14 14:56:39,14,2880.02
2024-05-24 06:13:55,373,2766.22
2024-06-27 07:56:19,473,199.49
2024-08-31 13:41:05,491,4328.25
2025-01-29 10:27:05,159,4050.61
2024-07-02 08:58:39,240,781.93
2025-02-18 23:38:59,305,4190.41
2025-03-08 04:46:04,381,205.47
2025-01-26 23:46:46,407,4979.4
2025-03-30 19:12:48,252,3044.99
2024-05-01 06:59:22,74,4827.14
2024-12-05 18:53:24,313,239.64
2024-10-27 19:13:30,499,1430.91
2024-12-20 22:22:55,222,1349.97
2025-02-28 15:17:07,279,4985.25
2025-04-10 10:34:38,423,16.43
2024-07-19 06:43:56,167,2601.85
2025-01-30 20:40:12,269,1816.32
2025-01-10 18:40:08,394,523.09
2024-05-17 22:56:47,212,4212.03
2024-10-21 19:02:57,337,3674.13
2024-07-20 10:20:48,356,1234.38
2024-06-22 10:13:28,284,3781.83
2025-02-21 11:29:19,130,4872.46
2024-05-14 17:28:17,342,949.36
2024-07-24 17:05:10,443,2411.48
2024-05-26 08:20:31,449,1260.03
2024-11-19 07:20:28,467,1049.91
2024-09-29 02:59:48,334,2138.11
2025-03-09 14:45:22,345,378.23
2024-05-17 07:25:55,269,2840.7
2024-08-08 22:15:41,147,4548.98
2024-11-25 06:57:26,91,4202.07
2024-11-25 05:51:08,468,1436.3
2024-07-19 03:35:49,342,1599.62
2024-10-16 11:40:15,161,2497.3
2024-09-14 10:52:13,50,973.59
2024-10-10 06:00:48,287,4622.64
2024-05-29 06:31:37,466,2316.95
2025-04-23 08:08:41,85,2042.85
2024-06-07 16:01:57,148,336.58
2024-08-05 06:01:32,21,3262.82
2024-07-02 18:32:21,319,2653.89
2024-10-31 02:14:04,263,3422.96
2025-03-30 19:43:16,229,180.46
2024-09-21 02:01:33,411,2831.74
2024-09-28 07:17:28,305,2991.44
2024-12-02 03:59:47,30,2638.15
2025-01-10 05:20:53,299,1592.01
2024-11-08 10:04:44,95,4205.37
2024-11-12 19:46:36,324,3125.41
2024-10-04 13:38:39,73,3481.99
2025-02-01 01:46:42,264,2498.81
2025-02-11 22:32:44,75,1010.55
2025-02-10 12:24:05,411,4501.73
2024-09-04 15:23:45,315,1416.2
2025-03-21 18:11:23,137,1399.58
2024-07-26 20:24:07,429,930.36
2024-09-05 07:34:25,166,2400.99
2024-10-02 01:23:41,120,1965.18
2024-08-19 11:08:04,91,2840.83
2024-06-15 15:42:58,111,1338.71
2024-05-26 23:41:55,493,4258.41
2025-02-03 13:41:43,188,1795.53
2024-08-29 08:46:24,109,2558.55
2024-04-29 07:15:12,439,4518.56
2024-11-28 00:53:07,274,4876.54
2024-05-29 11:49:58,50,998.24
2025-03-30 14:37:14,496,666.0
2025-03-22 08:36:28,286,3540.4
2024-05-18 20:27:48,203,2062.11
2024-06-10 08:24:58,316,1994.69
2024-08-25 07:20:25,266,2091.74
2024-08-24 05:29:23,92,372.08
2024-12-03 00:40:09,442,427.36
2024-06-03 08:24:32,223,1076.36
2025-02-19 19:18:44,53,1368.08
2025-03-21 03:37:42,94,3488.75
2024-05-10 16:45:33,462,4931.36
2024-10-27 19:51:51,245,2685.15
2024-08-22 08:39:29,254,2513.71
2024-10-08 05:50:20,46,2544.04
2025-04-11 10:19:00,296,1710.15
2024-05-10 13:03:29,63,2479.47
2024-07-17 22:03:35,75,4579.77
2025-02-07 09:41:04,496,3084.11
2024-06-20 01:56:26,250,3780.58
2025-02-04 11:03:33,38,1908.66
2025-01-28 18:31:54,35,1752.94
2024-09-26 19:07:11,447,4739.24
2024-09-15 09:23:43,434,4220.73
2024-12-01 05:21:02,421,972.49
2024-08-13 17:48:06,403,4270.46
2024-06-16 16:36:36,278,1704.67
2024-12-19 20:28:09,496,3214.64
2024-06-25 05:12:23,322,3828.2
2024-07-18 08:05:16,322,608.17
2024-06-16 13:43:43,479,464.29
2025-03-03 22:52:18,63,2208.92
2024-07-14 05:39:40,408,2734.49
2024-07-12 02:42:05,474,1397.64
2024-12-25 00:44:59,438,4398.35
2024-12-27 01:33:03,421,3571.67
2024-05-14 16:59:16,297,4184.75
2024-06-24 20:37:37,441,1371.59
2025-01-22 10:45:50,468,1747.7
2025-04-07 07:39:53,479,834.74
2025-03-23 10:36:05,373,4024.52
2024-10-03 14:06:38,410,3617.48
2024-12-16 03:41:32,305,545.75
2024-12-03 15:15:06,159,4291.3
2024-10-02 23:01:16,58,2670.79
2024-10-09 19:46:23,369,2282.28
2024-09-29 16:31:55,343,3095.79
2025-02-26 01:56:42,334,334.76
2024-05-14 04:43:18,63,3096.33
2024-07-09 11:10:17,386,2212.88
2025-02-25 07:29:49,214,2850.04
2024-07-17 18:39:53,419,1731.06
2025-04-08 01:33:59,202,1228.13
2025-02-15 18:01:36,363,2386.68
2024-07-27 21:58:42,110,91.57
2024-08-19 21:19:06,229,4542.07
2024-04-28 17:16:52,184,914.49
2025-01-22 03:35:21,396,2189.87
2025-01-26 02:50:45,17,3392.56
2024-04-27 12:28:37,128,3185.59
2024-05-15 22:23:15,221,2012.49
2025-01-26 11:51:36,455,636.71
2024-08-19 04:37:15,46,2604.0
2024-05-09 07:19:08,162,4599.61
2025-02-15 13:35:51,26,1897.69
2025-04-14 10:59:20,442,1948.53
2024-08-29 21:11:12,231,3136.02
2025-02-19 22:34:32,262,1013.58
2024-08-06 12:23:51,49,1499.19
2024-05-23 18:32:04,38,3269.83
2025-02-22 10:10:34,219,2447.15
2024-05-02 18:14:17,175,2606.9
2024-12-19 04:56:55,446,1336.61
2024-08-14 09:25:23,408,1321.59
2024-07-04 08:10:05,204,3008.51
2024-05-19 13:39:42,313,536.94
2024-10-25 01:16:13,495,4392.01
2024-09-24 17:32:18,259,3808.52
2024-10-13 18:56:37,292,1684.09
2025-04-13 15:19:54,97,2368.99
2025-02-27 21:25:46,199,4997.0
2025-03-24 21:23:55,138,3514.89
2025-02-05 01:02:02,18,4185.17
2024-12-03 11:55:30,343,4892.26
2024-05-06 15:34:52,257,2110.48
2024-09-17 06:56:09,390,756.46
2024-07-19 14:39:13,121,3929.1
2024-11-10 18:43:59,246,2674.18
2024-04-27 14:30:42,49,778.1
2024-05-10 21:10:35,402,556.94
2024-11-25 21:33:53,371,414.84
2024-06-11 01:56:03,238,2706.8
2024-06-16 10:50:05,375,1787.65
2024-11-01 10:28:43,17,4741.29
2025-01-17 18:00:59,371,4003.5
2024-11-02 19:10:39,249,2004.06
2025-01-09 06:23:13,402,2715.64
2024-10-12 18:10:29,481,1994.99
2024-12-13 22:19:15,214,840.21
2025-02-16 21:23:50,94,3473.33
2024-05-30 04:29:36,232,3856.27
2024-12-04 14:40:53,440,4444.71
2024-05-18 16:18:30,89,2894.16
2024-07-05 06:45:47,75,2172.84
2025-04-17 21:29:59,24,1041.25
2024-10-15 05:52:09,24,3950.34
2024-12-21 16:00:12,76,701.15
2024-06-27 01:51:51,322,1392.57
2024-08-02 17:55:28,387,4351.38
2025-04-21 10:42:24,268,908.0
2025-02-04 11:59:12,267,3987.39
2024-10-27 08:25:53,254,1151.43
2024-10-12 02:56:29,414,3426.31
2024-08-29 17:41:02,268,4927.6
2024-07-19 10:41:47,144,3058.63
2024-06-30 08:12:54,134,4215.13
2025-02-07 14:29:13,196,2483.34
2025-04-03 01:07:17,448,4931.49
2024-05-26 23:32:45,149,3296.17
2024-08-05 22:24:19,353,2442.25
2024-12-15 16:29:14,198,3218.5
2025-03-01 15:57:54,469,3090.36
2024-06-27 02:17:53,489,688.07
2024-10-30 05:51:25,331,2913.98
2024-05-15 04:03:07,27,1733.66
2025-03-09 00:02:28,324,1039.34
2025-01-27 11:27:48,500,2871.67
2025-01-17 11:00:16,369,1818.17
2024-08-29 17:09:21,153,4014.47
2024-05-07 01:43:46,312,2133.16
2024-07-18 13:08:13,231,547.76
2024-07-18 18:05:14,401,1612.62
2025-04-12 07:47:01,262,1612.52
2024-11-01 05:37:44,401,2718.89
2024-05-28 18:31:15,57,439.57
2024-10-25 12:20:28,455,4361.06
2024-09-01 11:16:40,288,145.03
2024-06-20 12:23:30,5,4537.2
2025-01-08 06:29:44,31,3689.37
2025-03-27 13:34:31,298,3180.86
2024-07-30 17:33:06,318,4448.1
2025-04-12 19:38:30,42,3169.86
2024-10-17 05:57:30,414,2010.19
2024-07-14 03:24:34,303,3775.67
2024-09-15 12:29:38,52,586.67
2024-11-10 01:50:27,149,1522.57
2024-07-20 16:33:50,296,4967.86
2024-05-18 09:45:29,56,579.33
2024-06-26 11:33:06,70,3509.35
2024-08-18 09:29:52,237,1428.73
2025-03-07 03:28:24,172,1281.43
2025-03-04 06:02:17,491,2171.9
2025-03-19 03:33:57,116,1475.21
2024-05-22 13:37:22,213,3187.26
2024-09-22 16:42:06,405,1907.6
2024-10-15 04:07:19,457,801.14
2025-03-26 16:08:10,54,3372.88
2025-04-06 13:19:05,454,673.99
2024-07-07 14:52:15,303,2522.88
2025-04-03 15:12:29,305,4884.89
2025-03-03 18:47:09,121,3274.54
2025-02-10 07:01:43,330,4223.84
2024-07-03 20:23:12,266,37.66
2024-05-31 15:35:07,252,2757.88
2025-01-05 01:01:20,64,1189.56
2025-02-11 23:09:56,151,3147.55
2024-09-15 06:09:12,94,3224.79
2024-08-10 09:36:12,207,2519.48
2024-07-11 18:23:02,366,4039.75
2024-09-07 18:26:02,324,96.85
2024-09-08 16:10:19,234,3874.75
2024-07-25 02:25:41,45,3525.55
2024-12-02 11:00:31,410,3209.82
2024-12-30 16:38:12,297,916.47
2024-10-01 14:28:10,41,4942.93
2025-02-06 07:36:20,490,4473.18
2025-01-05 10:46:27,316,440.34
2024-10-21 16:48:01,270,355.59
2024-07-21 03:24:04,6,632.26
2024-09-23 05:40:40,235,1598.75
2024-05-27 15:34:18,229,4688.43
2024-07-18 19:14:49,329,114.34
2024-08-02 15:39:31,12,1983.59
2025-04-14 15:24:49,212,2236.93
2024-06-17 16:10:42,304,810.49
2025-02-12 02:25:48,498,542.76
2024-12-31 10:20:51,7,3404.52
2024-10-23 19:44:34,23,35.81
2025-01-01 11:37:36,215,4656.15
2024-07-31 13:26:07,108,812.27
2024-12-21 10:00:08,152,3792.12
2024-10-28 14:20:01,295,1825.0
2024-08-13 22:51:31,406,1793.13
2024-06-03 00:35:56,13,942.39
2024-08-12 03:39:46,222,1113.63
2024-10-23 01:49:09,146,4744.36
2025-01-31 17:16:54,331,2225.93
2024-07-27 16:33:35,209,4941.19
2024-05-21 11:40:59,343,2567.16
2024-10-24 12:54:30,287,2645.85
2024-11-30 19:35:39,38,1065.09
2024-11-18 17:42:44,115,4566.44
2024-12-23 22:07:32,385,3201.99
2024-06-05 17:58:21,313,618.7
2024-10-01 16:34:03,287,3434.41
2025-03-01 23:34:13,475,3738.03
2024-04-28 13:17:23,299,574.78
2025-02-04 09:31:10,357,893.79
2024-04-29 01:08:16,209,4974.22
2025-04-09 12:58:23,182,219.86
2024-10-29 16:16:26,58,2076.53
2025-01-05 05:54:26,166,1393.86
2024-07-27 15:10:04,488,410.83
2025-02-22 22:02:00,188,736.64
2024-08-30 04:53:31,69,325.74
2024-07-25 18:56:17,14,1905.73
2025-03-11 12:57:35,242,1018.26
2024-08-25 12:15:05,280,993.69
2024-12-17 16:10:41,156,274.55
2024-08-13 13:33:31,60,2261.05
2025-02-18 12:42:36,175,3515.7
2024-12-14 23:47:44,102,55.07
2024-05-12 18:43:15,26,4675.17
2025-01-03 15:36:13,365,4145.31
2025-03-13 18:45:14,92,3576.56
2024-11-09 14:09:40,384,2521.57
2024-08-22 16:53:07,496,2834.02
2024-09-30 21:37:24,392,2610.39
2024-06-09 10:16:17,158,4061.53
2024-09-02 20:18:39,462,1461.67
2024-04-29 01:38:31,119,3451.84
2025-02-27 04:13:46,276,2743.66
2024-09-10 10:41:21,299,1359.2
2024-07-02 10:10:07,66,3892.66
2025-02-11 19:24:15,486,3957.6
2024-09-16 12:58:00,51,3421.82
2024-10-15 20:31:23,70,4740.35
2024-06-23 09:30:04,130,4610.3
2024-12-16 09:24:09,117,3106.61
2024-06-05 12:55:53,93,4573.57
2024-11-12 10:07:50,443,120.69
2024-08-09 20:02:41,261,1081.23
2024-05-04 16:50:53,90,1957.35
2024-12-04 20:59:04,118,1061.72
2024-09-11 18:17:14,306,2388.94
2024-08-15 09:49:54,398,3918.51
2024-10-27 07:55:14,265,1881.03
2024-08-29 10:03:59,72,4011.05
2024-12-29 14:18:13,298,2516.41
2025-03-22 18:17:52,78,57.29
2024-09-07 04:36:57,430,2212.7
2025-02-01 19:10:18,473,2188.12
2024-05-02 17:09:59,220,3584.21
2024-09-23 13:14:22,474,4615.42
2024-08-20 05:48:15,403,471.35
2024-10-21 12:21:19,167,259.53
2025-03-25 23:43:24,34,261.43
2025-02-06 22:19:00,28,3721.02
2025-03-17 15:39:13,385,3446.16
2024-07-18 09:43:07,118,296.7
2024-09-10 23:52:17,332,2962.49
2024-11-15 19:13:18,459,3517.68
2024-10-30 20:59:51,145,3214.64
2025-01-15 02:23:10,270,2812.21
2025-01-08 17:53:29,176,708.82
2025-01-23 06:38:40,125,2585.21
2024-08-04 11:31:42,48,1548.99
2024-07-28 06:37:43,334,3824.38
2024-09-07 14:44:05,11,4641.43
2025-01-26 21:30:02,498,1461.77
2024-09-18 22:11:43,286,2674.26
2024-08-08 12:12:01,67,534.1
2025-01-12 13:46:45,497,3442.47
2025-02-02 07:09:11,93,2745.05
2024-06-11 23:13:57,304,4283.8
2025-02-23 08:11:53,251,3817.79
2025-01-04 16:09:25,25,4682.01
2024-10-15 11:21:45,459,2188.16
2024-06-22 15:20:26,375,112.95
2025-03-13 10:25:49,287,4961.33
2024-07-02 16:15:56,293,1861.83
2025-02-19 14:48:12,121,3083.92
2025-01-06 15:36:20,262,120.31
2025-01-25 22:39:10,201,13.25
2024-04-27 08:26:40,283,3086.47
2025-02-03 22:34:03,288,676.15
2024-11-14 15:15:46,451,1430.31
2024-12-31 23:38:26,243,4059.33
2024-11-13 09:20:57,255,1160.28
2024-06-10 02:05:33,291,3730.12
2025-02-25 07:15:23,419,1666.91
2024-11-15 23:06:51,139,4586.56
2024-09-13 18:33:43,201,4693.37
2025-04-24 00:01:00,111,961.79
2024-08-26 09:31:20,312,4597.65
2025-04-20 20:53:15,286,4716.48
2024-12-05 09:43:18,176,2388.58
2024-12-06 19:54:02,295,4891.79
2024-12-28 14:17:13,357,612.78
2024-12-11 09:27:40,261,2813.7
2024-06-27 02:50:05,113,333.96
2024-05-03 21:36:02,143,4442.03
2025-02-04 08:08:32,99,1455.9
2025-01-05 23:48:36,279,4996.05
2024-06-22 21:03:25,453,2500.95
2025-02-01 05:58:38,152,16.19
2024-06-26 20:54:44,470,4398.73
2025-03-21 14:23:11,487,2742.96
2025-01-31 19:07:27,350,1120.81
2024-05-01 15:49:35,359,1201.79
2024-10-11 01:59:39,128,2717.8
2024-07-06 10:16:56,481,2509.67
2025-04-23 13:54:30,239,3612.78
2024-11-25 22:48:40,3,2664.89
2024-05-11 06:41:34,75,1901.77
2024-07-08 20:14:42,437,1134.62
2024-10-14 21:52:49,374,1920.17
2024-08-16 01:48:00,228,4215.68
2024-12-10 02:45:41,469,1284.34
2025-03-01 13:09:55,441,2743.8
2025-04-18 12:42:31,315,3571.53
2024-06-09 23:43:47,336,4918.67
2024-08-07 09:29:07,442,4061.45
2025-04-21 12:08:38,378,1836.56
2024-10-31 03:04:07,394,4035.33
2024-06-09 23:45:40,433,2509.6
2024-04-28 14:27:23,284,2015.08
2024-06-10 15:55:50,370,3460.38
2025-03-10 08:21:14,495,2619.34
2024-09-07 16:07:04,281,433.3
2024-12-31 04:18:01,484,1090.98
2024-08-04 09:27:44,337,4272.71
2024-05-06 02:14:56,336,41.84
2025-01-11 08:37:40,171,4358.89
2024-06-05 12:19:45,16,415.22
2024-11-09 19:30:39,138,4573.1
2024-09-10 18:07:29,119,507.01
2025-02-27 17:33:08,350,1899.33
2025-01-09 21:52:19,19,3243.14
2025-02-19 22:46:12,115,561.69
2024-10-10 15:38:30,260,427.0
2024-08-17 16:12:58,244,4432.48
2024-09-23 08:20:44,16,4375.06
2025-03-01 16:31:05,199,2852.47
2024-06-27 05:15:27,169,4374.47
2025-01-13 05:14:12,267,2319.88
2024-05-27 10:13:37,426,3043.75
2024-09-18 12:15:55,164,347.09
2024-06-19 02:07:54,334,2936.74
2024-06-28 13:04:42,177,3354.54
2024-09-21 01:00:07,89,2540.71
2024-06-24 16:56:32,58,576.73
2025-04-20 23:32:16,252,743.79
2024-06-29 01:44:22,444,1867.26
2024-08-22 07:00:57,225,4743.93
2025-01-06 18:10:43,378,375.0
2025-03-22 22:52:03,81,2669.5
2024-09-25 23:08:34,112,392.91
2024-08-10 11:31:39,11,180.78
2024-09-11 16:43:11,33,1409.42
2024-09-14 12:09:31,335,310.19
2024-09-01 12:01:07,386,1014.27
2024-09-26 20:32:22,236,4950.25
2025-01-11 02:11:29,171,2577.28
2024-08-08 20:50:23,120,168.34
2024-06-13 01:00:43,272,3803.99
2024-09-05 03:41:07,289,2934.48
2024-08-10 23:59:02,487,3252.98
2024-06-05 14:28:09,181,221.19
2025-01-23 20:33:44,242,3975.74
2024-05-07 14:09:24,482,809.46
2024-12-10 01:11:42,219,494.51
2025-01-26 05:52:35,112,97.57
2024-10-02 00:44:41,456,3530.72
2025-03-04 06:54:50,55,2499.65
2024-09-20 15:38:41,15,3374.44
2024-06-12 00:05:48,38,4893.71
2024-11-07 12:44:35,315,2847.08
2024-05-15 06:13:54,341,2911.44
2024-11-09 04:14:13,8,1984.92
2024-07-07 22:11:46,468,2777.91
2025-04-21 17:02:16,339,3132.92
2024-05-31 16:24:44,92,2803.89
2024-04-29 09:26:21,148,249.88
2024-06-15 05:47:17,35,3964.28
2024-12-05 05:03:24,20,173.39
2024-07-14 00:05:50,227,4743.78
2025-01-15 14:10:25,457,1975.26
2024-10-12 15:05:30,131,4038.19
2024-10-27 23:22:07,114,4370.26
2024-10-06 11:37:59,116,3295.58
2024-06-30 04:04:06,166,859.69
2024-05-17 14:27:21,326,1545.44
2024-11-27 07:53:58,25,1527.03
2024-05-24 00:51:01,433,3647.61
2024-12-22 11:28:36,203,3649.04
2024-12-05 03:49:55,474,4284.36
2025-01-16 23:04:58,482,2900.85
2024-10-29 20:54:49,97,2277.9
2025-01-29 14:15:57,345,4775.7
2025-04-17 16:05:07,35,2524.59
2024-09-14 09:04:37,8,2246.23
2025-04-24 22:00:20,106,4074.43
2024-08-04 23:18:01,292,1516.59
2024-08-29 07:53:34,421,3198.04
2024-07-19 10:49:06,359,2584.81
2024-11-05 10:44:28,265,3114.13
2025-03-16 20:35:20,490,4095.19
2024-09-07 10:10:54,139,212.75
2024-06-23 23:56:33,364,3229.31
2025-04-16 09:26:08,342,3807.07
2024-08-11 10:59:47,82,1413.47
2024-10-25 01:30:41,470,12.85
2024-10-01 22:06:43,78,4062.76
2025-03-28 05:15:37,245,2489.33
2024-05-02 15:30:07,404,4706.77
2024-11-14 10:20:43,21,2684.47
2025-01-24 00:26:45,287,3325.83
2025-03-25 22:05:36,140,1833.25
2025-04-06 20:23:17,410,3179.7
2024-12-03 14:17:04,398,4888.55
2024-04-26 00:38:34,207,1212.56
2024-06-04 09:25:23,170,4635.65
2024-10-16 20:27:43,186,200.26
2024-11-28 19:07:42,418,1841.85
2024-10-11 10:19:10,65,4738.58
2024-12-13 17:35:46,458,3076.49
2025-01-15 15:49:48,451,3622.51
2025-04-06 08:58:06,233,4754.41
2024-09-03 00:46:35,166,4587.4
2024-10-31 22:03:05,493,304.85
2024-05-13 01:47:31,440,2146.98
2024-05-26 05:17:04,118,3757.62
2024-12-23 17:43:24,61,2985.02
2024-08-23 20:21:13,23,2069.69
2025-04-06 00:48:10,482,1300.18
2024-05-06 11:03:06,391,952.53
2024-10-01 04:43:36,19,816.72
2024-07-19 18:23:31,293,1877.09
2024-09-15 05:06:32,175,932.73
2025-02-05 02:12:19,242,2616.69
2025-02-25 15:11:22,473,3910.72
2025-03-30 19:34:03,17,2319.49
2025-03-24 16:08:59,489,3649.36
2024-09-24 16:57:15,151,548.91
2024-09-09 15:17:45,498,4174.36
2024-09-15 14:26:40,201,1575.62
2024-09-15 21:29:09,90,170.91
2024-08-19 03:43:35,368,4472.32
2024-06-16 14:55:47,428,1153.69
2024-12-08 00:50:06,481,2521.93
2024-09-03 16:46:44,66,1692.43
2024-04-26 00:54:52,488,1902.43
2024-09-22 17:25:12,11,1012.99
2024-09-06 13:38:58,452,657.11
2025-01-30 16:23:14,272,3012.12
2025-02-05 06:57:34,198,2328.24
2025-03-27 08:53:45,258,2968.5
2024-08-20 19:42:01,32,4738.31
2024-12-04 05:56:56,341,2607.6
2025-01-08 00:51:28,136,4428.25
2025-02-27 12:34:19,221,4963.49
2024-06-07 10:13:43,158,3594.52
2025-02-04 03:56:01,210,4503.16
2024-07-06 03:40:24,323,986.16
2025-04-02 01:08:18,43,503.51
2024-07-13 13:00:14,249,4640.5
2024-05-14 09:10:44,447,4838.78
2024-09-16 05:11:02,237,2908.91
2025-02-14 08:22:42,193,1124.04
2024-05-21 10:28:39,319,3963.07
2025-01-12 16:08:53,338,837.22
2024-07-11 23:17:35,71,2123.9
2024-12-15 03:35:47,436,1658.0
2024-09-11 13:47:08,103,3405.08
2024-07-26 02:47:48,104,3332.65
2025-01-27 11:17:30,309,2348.47
2024-11-08 04:23:07,487,4375.52
2024-08-20 01:20:07,148,3288.95
2025-03-31 10:59:29,188,2505.59
2025-01-30 14:15:56,242,1510.57
2024-05-25 12:18:18,290,4128.61
2025-02-05 14:44:17,163,3420.0
2024-05-25 16:51:46,472,3759.0
2025-02-05 08:22:17,375,4307.76
2024-06-11 20:50:13,7,3407.01
2024-07-16 00:34:17,326,1666.6
2025-04-01 02:33:31,172,1739.27
2025-01-22 10:50:22,64,1890.58
2025-02-27 04:05:33,494,2375.0
2025-04-03 11:23:45,377,4891.83
2024-10-22 08:19:54,427,3533.47
2025-01-17 03:45:58,229,4276.55
2024-07-08 06:01:34,42,1097.35
2024-10-03 22:11:27,47,1465.01
2024-10-02 18:35:36,497,1346.11
2024-05-30 09:23:29,279,593.47
2024-06-09 19:30:22,443,501.41
2024-08-02 22:20:57,20,2202.69
2025-02-17 20:42:33,147,1638.47
2024-04-29 00:10:02,43,366.25
2024-08-08 04:17:21,324,2218.44
2024-12-03 05:34:13,458,2263.63
2025-04-24 19:34:39,351,4262.66
2024-11-01 20:17:13,236,318.8
2024-08-27 15:14:39,215,3210.14
2024-07-07 18:35:53,416,2601.26
2025-01-02 20:54:54,141,2931.92
2024-12-02 15:42:58,107,4342.52
2024-04-25 07:57:40,228,2769.3
2025-01-22 23:21:07,368,4799.37
2024-08-12 17:11:28,226,2364.49
2025-04-22 15:37:19,235,4612.99
2025-01-25 21:15:53,152,4981.28
2024-10-08 22:05:12,357,2302.02
2024-10-19 01:20:45,178,1236.65
2024-09-22 22:50:00,283,4020.25
2024-09-30 03:22:46,317,2210.93
2024-09-23 00:54:50,2,452.1
2024-10-10 08:46:52,421,3815.36
2024-06-12 11:06:10,436,4108.96
2024-12-10 19:09:04,100,571.92
2024-09-09 04:42:36,408,2173.65
2025-02-15 21:12:33,35,175.25
2025-03-23 02:43:21,46,4779.33
2024-08-08 02:57:45,213,268.26
2024-12-09 17:38:16,223,2250.73
2024-11-29 22:49:11,194,844.31
2024-11-15 01:10:58,149,2474.63
2024-10-03 03:48:11,204,612.58
2024-12-08 19:49:02,462,2049.83
2024-06-21 21:30:42,383,2515.92
2025-02-26 06:27:19,132,957.52
2024-07-24 18:57:56,227,1658.64
2025-02-08 20:21:59,366,1143.58
2024-06-17 17:44:04,50,2576.56
2024-10-26 00:15:50,38,1630.21
2025-02-13 19:40:08,152,1420.33
2025-01-31 18:09:16,189,397.68
2024-07-10 17:55:29,475,559.3
2024-09-22 14:08:02,170,287.65
2024-09-05 02:11:35,70,4743.73
2024-07-04 04:30:45,243,792.31
2024-05-22 10:33:43,449,2882.28
2024-10-14 00:51:11,69,2240.86
2024-08-07 11:50:37,470,3804.76
2024-12-17 08:45:36,96,262.18
2025-02-23 12:30:36,78,2051.02
2024-09-10 05:02:53,288,371.4
2024-10-05 01:52:52,121,2455.9
2024-12-28 15:33:50,29,2603.7
2024-09-25 12:54:13,483,2691.11
2025-04-18 18:36:30,353,2568.84
2024-12-24 17:51:28,399,1663.5
2024-09-19 03:20:58,480,2186.72
2024-05-19 08:22:16,430,943.49
2025-04-11 14:12:12,157,4520.84
2024-09-18 23:15:13,77,114.48
2024-11-23 16:25:48,60,340.58
2024-05-20 05:44:14,229,1404.72
2024-09-14 21:54:13,300,4576.63
2024-08-13 18:07:45,282,1339.98
2024-10-25 00:12:18,267,383.62
2024-06-03 05:26:18,58,1227.18
2024-10-09 00:59:47,182,1489.65
2024-05-29 23:55:31,424,2486.03
2024-07-12 19:43:59,309,2796.23
2024-06-24 15:07:00,81,2974.47
2024-08-16 01:56:48,17,1426.64
2025-03-25 14:36:24,81,4973.57
2024-07-29 22:05:31,468,153.22
2025-03-07 19:37:22,352,2936.7
2024-09-27 04:17:48,496,3764.24
2024-11-24 02:06:50,391,3554.69
2024-11-27 00:07:09,459,4511.27
2024-07-21 01:44:14,494,4892.12
2024-12-17 08:03:42,34,870.69
2024-12-29 11:59:23,77,114.3
2025-01-31 08:08:17,1,4878.76
2025-03-16 12:15:58,438,868.82
2024-07-07 14:17:47,290,1376.72
2024-06-20 12:53:32,364,4495.98
2024-11-08 21:33:08,451,1532.98
2024-07-11 13:54:10,481,1792.46
2024-08-07 21:54:45,420,4262.85
2024-08-12 08:22:11,47,3382.86
2024-12-06 05:18:32,159,3707.94
2025-01-27 11:54:50,326,251.97
2024-12-24 00:11:20,200,3689.77
2024-08-23 02:20:32,240,3733.32
2024-11-19 19:44:56,439,3097.18
2025-02-22 18:08:19,498,1174.26
2024-12-23 18:13:31,239,3155.5
2024-05-05 01:37:44,304,3805.93
2025-03-28 20:53:30,17,4730.77
2024-09-01 20:33:28,193,3449.43
2024-11-08 04:00:27,343,3952.75
2024-12-29 14:10:57,378,4032.95
2025-01-31 02:22:15,320,2906.21
2024-08-25 09:03:38,385,4494.58
2024-10-10 22:13:31,416,2472.35
2024-07-18 11:55:55,149,615.41
2024-05-13 16:40:45,17,504.84
2024-05-04 22:46:30,383,745.15
2024-07-04 08:45:20,299,1803.83
2024-06-12 20:32:56,411,1542.13
2024-10-01 06:09:08,34,377.44
2024-10-04 04:37:28,374,1284.29
2024-12-31 13:29:16,274,4024.0
2024-10-25 14:47:24,91,843.02
2024-10-01 20:08:30,6,2159.5
2025-03-25 11:24:55,392,3141.33
2024-11-30 09:15:40,400,392.33
2024-06-17 08:29:35,22,1359.26
2024-08-04 18:05:17,29,3938.61
2024-08-19 11:18:44,298,4057.98
2024-06-15 22:34:04,177,501.1
2024-05-09 20:21:19,61,2060.02
2025-02-01 04:00:48,80,1316.42
2025-03-13 17:10:56,195,1171.11
2024-06-12 04:56:47,470,4414.28
2024-07-06 11:51:09,493,2592.21
2024-11-16 11:20:46,260,58.58
2024-09-04 09:19:32,82,4686.91
2024-11-29 22:47:15,295,2413.12
2025-03-06 02:54:45,210,4719.98
2024-11-09 18:02:15,309,127.62
2024-10-18 22:42:35,147,4762.15
2025-04-17 11:44:23,141,513.93
2024-12-04 16:21:04,376,1376.36
2024-08-11 10:04:57,400,3290.69
2024-11-20 13:24:41,142,1049.54
2024-06-11 14:39:37,228,1548.44
2024-08-03 00:09:25,457,2105.86
2025-03-12 06:24:46,313,2137.38
2024-11-17 17:50:38,217,1832.78
2024-06-28 12:09:20,341,4087.78
2025-02-12 17:11:55,98,3325.93
2024-08-31 13:32:17,289,3643.15
2025-01-15 09:13:35,280,3556.12
2025-03-28 16:32:25,113,3806.32
2024-12-19 07:32:59,269,3623.19
2025-04-23 06:41:07,140,4789.95
2024-07-30 10:34:28,219,2164.38
2024-11-12 23:45:39,306,820.64
2025-03-30 08:34:42,110,1354.92
2024-11-30 07:00:53,25,2959.12
2025-01-29 15:14:26,188,3187.93
2024-05-22 17:14:39,295,2331.96
2025-03-20 00:32:30,396,4685.28
2025-03-30 07:36:49,123,4860.82
2024-05-23 17:52:16,411,2292.71
2024-10-28 20:51:40,467,4060.73
2024-05-08 05:53:31,111,3310.29
2025-03-08 01:24:30,391,714.85
2024-09-20 08:18:56,56,2290.24
2025-04-11 21:27:32,390,2935.95
2024-09-24 10:45:22,340,3237.74
2024-11-30 00:40:00,199,4460.0
2024-09-05 23:47:57,4,1212.63
2025-02-14 21:36:09,149,2709.01
2024-11-19 08:07:43,42,2542.1
2025-02-21 14:02:48,357,2246.09
2024-07-29 19:14:07,322,1176.81
2024-08-17 12:51:25,405,1932.67
2024-12-27 12:50:14,265,1961.56
2025-01-25 01:36:42,210,2429.82
2025-03-04 15:45:07,183,581.74
2024-08-31 10:08:46,10,4520.63
2024-07-25 09:16:54,433,4132.68
2025-03-20 07:46:56,113,1970.13
2024-11-12 08:20:37,132,1934.09
2025-03-31 18:28:44,177,3281.65
2025-03-10 13:56:39,96,4077.94
2025-01-24 17:31:02,426,2517.45
2024-10-08 23:24:23,220,1800.99
2025-03-28 09:10:32,437,1157.44
2024-10-16 15:37:21,94,801.83
2025-04-14 11:25:29,413,3551.79
2025-02-07 02:24:58,318,4181.05
2024-06-03 08:52:49,22,3818.72
2024-10-11 22:39:56,321,362.8
2024-05-06 07:52:30,6,1135.23
2024-08-18 17:52:38,143,431.19
2024-09-07 16:42:21,364,754.7
2024-10-18 20:38:23,470,4723.27
2024-09-04 16:08:21,87,2498.07
2024-05-15 15:35:02,208,3004.86
2025-01-15 19:08:15,191,2764.94
2024-09-30 20:24:23,333,3008.62
2024-08-29 08:46:55,362,4261.44
2025-03-22 05:28:11,437,3099.1
2025-02-23 18:13:35,157,2941.18
2024-12-08 17:16:24,237,2411.7
2024-09-09 23:37:03,326,3774.99
2024-12-13 21:44:28,333,108.73
2025-02-08 01:25:16,160,985.12
2024-07-06 05:27:57,293,2363.94
2024-09-11 15:23:39,131,4141.12
2025-03-25 19:21:56,109,4204.49
2024-07-23 20:21:27,481,2257.75
2024-08-25 18:12:17,87,4989.97
2024-11-25 20:37:48,306,2471.85
2024-05-23 20:03:15,474,1602.39
2024-09-17 01:24:48,59,2871.06
2024-11-03 20:06:36,302,953.58
2024-12-11 01:36:31,434,835.76
2025-02-27 06:23:26,90,1762.47
2024-06-09 09:40:36,432,3661.97
2025-03-18 10:45:16,267,3603.47
2024-05-02 16:40:49,251,2412.23
2024-07-19 04:54:39,163,2385.9
2024-08-04 14:52:50,361,3933.97
2025-01-13 09:39:18,100,1583.62
2025-03-19 11:31:33,151,3074.32
2024-08-09 16:20:26,78,2679.83
2024-04-26 20:35:00,169,1196.36
2024-08-02 21:02:42,30,4513.59
2025-03-14 23:08:34,13,176.25
2024-04-26 01:28:44,230,4910.41
2025-03-09 11:05:13,112,1009.69
2024-11-26 17:19:27,255,4650.76
2024-10-09 20:19:32,349,164.69
2024-07-18 04:31:26,319,4176.22
2024-08-06 19:27:38,265,327.82
2025-02-02 20:43:27,90,1569.53
2024-12-29 14:27:03,318,1003.23
2024-12-22 10:53:57,44,226.45
2024-08-26 18:14:19,333,2084.73
2024-10-12 20:29:28,243,3719.58
2024-06-14 12:20:49,392,1312.9
2024-08-03 08:52:57,171,575.84
2024-06-08 12:48:55,493,2898.83
2025-03-31 13:52:57,325,2263.52
2024-11-13 14:54:24,384,3198.27
2024-05-01 16:26:46,459,3047.45
2024-11-06 01:23:48,283,2299.82
2024-10-27 00:20:11,313,2682.56
2024-12-14 15:32:19,270,3165.99
2024-10-15 00:26:14,64,1927.76
2024-05-01 05:47:48,88,1307.83
2025-03-17 13:00:44,48,873.21
2024-05-10 17:53:06,441,1212.18
2025-02-15 09:42:23,144,1122.13
2024-06-30 16:16:04,87,474.03
2024-09-10 00:01:18,379,1984.1
2024-12-06 07:13:29,120,4576.52
2024-06-17 11:19:44,154,656.62
2024-10-10 06:21:43,2,2566.1
2024-06-27 08:06:41,16,1004.63
2025-02-14 23:59:23,459,4576.03
2025-04-14 05:23:09,321,1737.84
2025-02-16 13:58:49,405,4531.46
2024-05-19 06:52:55,188,2162.08
2024-08-04 05:03:15,284,2386.8
2024-12-30 18:42:02,141,654.37
2024-10-30 15:39:53,84,932.13
2024-12-30 01:41:01,297,4724.25
2024-06-10 06:06:50,314,1451.06
2024-09-25 14:37:04,288,1264.4
2025-03-25 18:28:28,107,3433.33
2025-01-01 18:51:33,205,1753.19
2024-05-19 21:45:34,298,1027.78
2024-11-12 16:04:59,272,4414.64
2025-04-10 08:09:57,144,2464.89
2024-06-03 11:30:23,439,3085.15
2024-08-21 16:11:07,427,916.46
2024-07-30 08:47:26,332,3704.25
2024-09-14 23:37:56,22,4728.65
2025-03-25 19:33:42,316,3070.68
2024-12-08 10:08:46,349,1341.52
2024-07-16 01:13:16,421,4940.93
2025-03-27 22:31:57,201,4624.91
2024-08-25 06:45:45,426,4474.98
2024-06-29 01:32:38,342,2682.73
2025-01-19 22:47:24,395,1536.56
2024-10-07 10:27:30,156,1893.74
2024-12-03 15:49:18,230,2425.38
2024-05-12 05:14:41,479,4702.32
2024-08-05 04:07:18,301,3690.41
2024-04-29 07:56:37,71,4529.6
2024-07-10 19:51:52,284,4616.08
2024-05-07 15:53:05,135,2438.84
2024-05-31 03:05:34,274,4580.0
2024-12-10 20:58:06,427,4902.87
2024-06-20 08:26:18,59,3399.65
2025-01-10 13:25:01,110,1604.57
2024-05-28 12:52:42,251,4840.75
2024-12-20 11:34:02,113,602.03
2025-01-25 04:15:16,8,2193.4
2024-07-09 20:53:24,418,785.64
2024-08-13 07:14:45,369,695.89
2024-12-25 12:53:05,150,4679.74
2024-06-20 10:53:28,155,1283.97
2024-06-14 15:13:21,69,4275.92
2024-09-20 11:47:24,19,3135.85
2025-04-16 13:20:17,311,1654.87
2025-04-15 15:15:45,437,2218.3
2024-09-27 14:57:56,357,2128.36
2024-05-08 17:36:57,316,4617.02
2024-05-10 09:38:06,413,3681.51
2024-09-01 01:42:48,313,4510.05
2024-07-20 13:29:55,367,1475.49
2024-06-10 16:49:04,65,2170.88
2024-10-14 19:38:06,463,1323.08
2025-02-11 02:02:06,176,2478.55
2025-01-24 10:16:26,380,2338.18
2024-07-26 01:13:27,469,4969.21
2025-01-14 03:44:32,115,2407.62
2024-11-26 00:49:16,91,4804.66
2024-08-08 21:30:53,160,2863.89
2025-03-17 18:59:17,367,693.21
2024-09-23 07:55:08,157,3441.47
2025-01-04 19:28:24,467,130.98
2025-02-20 09:48:09,208,1916.29
2024-06-17 08:31:14,128,1646.09
2024-12-24 00:28:57,7,1469.19
2024-12-16 01:10:32,121,1768.22
2024-06-08 11:06:34,373,3437.62
2024-08-30 06:14:21,57,2517.24
2024-05-05 04:51:06,226,967.28
2025-01-12 21:56:34,134,1029.51
2024-10-02 17:40:34,264,826.67
2025-02-17 06:56:24,157,861.27
2024-09-29 20:54:04,481,3297.12
2024-09-23 18:48:17,274,1113.28
2024-05-06 03:26:40,6,1612.36
2024-07-27 20:35:09,358,4681.44
2025-02-01 02:31:52,412,2694.18
2024-08-29 22:58:55,202,3723.54
2024-09-23 00:47:28,380,940.85
2024-06-23 00:46:41,40,1880.1
2025-04-17 17:56:07,11,1701.2
2024-07-13 02:23:26,176,3694.19
2024-08-13 06:54:39,404,10.77
2025-03-22 06:57:53,416,2276.89
2024-12-01 11:00:59,364,2399.99
2024-11-06 15:08:38,387,783.73
2024-08-04 11:36:14,156,262.99
2024-09-15 14:09:02,1,701.91
2025-03-06 12:35:30,453,2767.13
2024-09-10 23:38:46,470,2979.91
2024-08-25 01:07:57,324,3674.42
2024-10-27 10:29:46,378,4948.54
2025-03-21 08:01:55,376,3098.13
2024-09-17 00:16:31,82,4259.99
2024-08-11 00:06:20,212,33.5
2024-05-20 15:26:50,59,1792.7
2024-12-11 16:00:26,452,30.27
2025-03-09 16:11:23,340,2845.09
2024-10-17 05:00:52,279,3016.97
2024-11-23 06:10:22,413,4713.37
2025-04-09 10:13:09,137,4082.19
2024-07-09 21:10:23,351,4213.36
2025-04-09 03:19:35,83,2533.76
2024-11-11 12:25:07,24,1963.7
2024-07-21 18:12:23,36,1397.67
2024-12-21 15:56:41,409,3356.96
2024-11-30 17:13:00,31,3070.94
2024-07-21 01:16:58,443,2944.1
2024-05-08 21:50:36,136,2333.49
2024-04-30 05:51:29,349,942.26
2024-07-21 14:41:18,66,1362.57
2024-12-09 15:29:12,162,1787.98
2024-09-24 21:23:00,298,697.63
2025-03-31 05:35:10,69,341.45
2024-05-23 14:15:03,49,3880.75
2024-05-28 05:52:43,276,480.93
2024-05-03 14:25:14,35,1070.89
2024-07-31 18:03:21,91,434.07
2024-08-18 11:12:14,80,706.16
2024-07-25 00:53:31,396,1398.38
2024-08-22 09:08:08,246,4242.4
2025-01-20 03:24:20,55,3193.77
2025-04-14 20:30:31,125,4751.8
2024-12-26 09:21:18,443,4232.37
2024-10-05 07:46:43,315,3984.46
2024-04-25 12:44:19,473,4616.78
2025-01-18 02:16:08,349,4007.12
2024-08-24 17:06:26,449,2248.47
2024-11-28 22:56:13,317,4616.35
2025-02-02 23:45:38,70,2929.0
2024-08-07 05:36:55,122,243.72
2024-11-15 14:55:49,479,802.06
2024-11-14 03:40:01,413,660.78
2025-02-09 08:00:41,177,3166.69
2024-10-15 10:27:55,321,943.26
2024-12-27 01:31:24,453,91.66
2024-05-30 09:32:13,114,2182.55
2024-06-02 19:32:48,389,853.9
2024-11-16 13:44:40,1,4363.51
2024-04-29 07:57:38,438,2752.37
2024-09-07 01:52:07,427,3702.0
2024-09-01 06:24:43,491,4178.14
2024-12-09 05:37:34,278,1945.96
2024-04-29 23:06:03,48,4142.57
2025-03-09 16:40:02,222,3318.55
2025-02-20 18:27:02,115,964.49
2024-09-02 18:49:00,397,1640.42
2024-12-26 15:27:25,184,2070.51
2024-05-31 09:24:54,455,4592.4
2024-08-24 13:45:09,276,721.59
2024-08-25 14:02:36,203,2880.58
2025-02-17 03:39:47,225,2523.98
2024-07-04 13:17:03,125,753.28
2024-10-22 08:23:36,243,1304.51
2024-05-09 06:23:48,382,1830.92
2024-11-03 01:08:22,347,356.85
2024-11-19 01:06:00,467,895.16
2024-11-23 15:36:19,416,1085.91
2024-05-12 02:11:24,165,1765.21
2024-10-17 21:49:48,361,1175.18
2024-05-28 02:20:29,402,1221.43
2024-07-07 11:45:39,96,2322.76
2024-12-23 18:21:11,438,636.1
2024-07-28 18:40:26,111,4984.35
2024-11-21 15:23:43,408,2989.21
2025-01-14 09:24:21,51,4215.86
2025-02-13 21:21:31,28,1135.24
2024-11-07 01:14:59,214,1906.99
2024-12-18 14:57:25,335,2467.95
2024-10-09 23:53:21,132,4357.74
2025-02-28 19:59:10,215,1619.26
2024-07-19 10:04:00,126,2284.43
2025-04-07 01:27:23,3,1271.54
2024-09-18 20:22:55,67,2485.07
2024-09-14 07:39:51,389,169.03
2024-12-20 10:36:14,187,3931.09
2024-09-11 14:28:46,239,2954.57
2024-07-19 14:26:08,348,3899.37
2024-09-29 06:45:55,165,681.75
2024-07-20 02:44:30,146,2049.92
2025-04-22 00:00:08,49,2515.71
2025-03-18 23:41:09,385,712.97
2024-07-19 21:08:01,304,333.03
2024-11-26 00:41:38,16,307.78
2025-01-29 13:24:14,63,2721.23
2024-11-26 23:01:54,166,1937.41
2025-03-21 12:55:37,334,2513.64
2024-11-25 14:45:37,220,3778.29
2024-09-21 05:02:45,10,2451.07
2024-04-27 08:48:24,456,125.19
2024-09-08 08:41:16,25,480.74
2024-07-16 02:00:33,469,4494.15
2025-04-15 22:18:26,191,2344.78
2025-03-24 16:27:01,158,4343.99
2024-11-24 19:55:18,220,1349.9
2024-11-26 17:21:49,217,4294.69
2025-02-07 04:01:33,344,3459.87
2025-03-05 05:54:21,40,3627.27
2024-06-05 02:01:16,175,1594.21
2024-11-25 11:23:30,309,4253.29
2024-05-25 07:55:36,467,2569.9
2024-11-16 17:17:56,372,2792.87
2024-07-14 14:42:05,182,4766.81
2025-01-27 19:00:46,244,3649.01
2024-11-28 01:53:58,48,1611.45
2024-08-11 20:39:49,362,3920.29
2024-10-21 03:58:10,373,3022.78
2024-11-12 22:31:40,111,4043.68
2025-03-19 13:16:26,122,4919.35
2024-10-13 05:04:24,443,2703.46
2025-03-22 11:58:22,428,3548.05
2025-01-24 15:42:32,197,186.77
2024-10-29 09:47:05,106,251.53
2025-04-17 23:54:15,463,3860.33
2024-08-24 17:16:08,301,3552.28
2025-04-18 03:25:22,488,4540.84
2024-08-09 06:44:37,292,3337.95
2024-12-11 06:56:01,436,1661.73
2024-08-20 08:31:45,446,333.77
2025-02-26 19:44:19,71,4514.4
2024-10-05 10:01:26,172,3191.83
2024-11-17 05:43:20,299,1481.99
2024-08-27 16:01:39,371,242.0
2025-02-07 05:02:49,415,3354.56
2025-03-18 10:37:32,64,1267.07
2025-03-11 17:52:09,337,35.24
2024-05-09 19:40:56,235,2714.87
2024-06-24 12:46:45,392,3192.04
2025-02-28 15:11:49,162,3904.66
2024-06-04 17:47:02,447,4127.81
2025-01-09 08:17:58,28,786.38
2024-05-15 03:43:17,17,3354.96
2024-12-12 01:03:17,195,891.0
2024-09-08 02:56:46,70,29.31
2025-02-10 02:12:55,465,979.65
2024-10-02 03:53:07,187,442.25
2025-01-06 07:06:30,38,3713.43
2024-12-29 09:50:52,52,4380.84
2024-12-11 07:02:51,221,712.43
2024-05-11 16:42:59,438,4418.47
2024-05-21 03:08:20,114,1564.74
2024-09-04 07:40:37,409,4859.23
2024-07-10 00:14:32,129,3016.18
2025-04-01 23:18:19,205,1754.68
2024-08-08 09:09:49,142,142.24
2024-08-29 05:24:40,493,1302.62
2024-11-01 18:40:32,334,3805.08
2024-12-05 17:14:33,188,2093.24
2024-06-29 19:05:49,141,1038.4
2024-06-10 06:31:08,464,2115.22
2025-02-11 15:11:04,60,1434.0
2024-11-20 02:29:21,113,4712.01
2024-11-25 08:34:07,430,2411.86
2024-06-27 02:08:13,4,1522.78
2024-06-26 13:26:33,309,4650.1
2025-04-02 00:15:09,30,3133.73
2024-08-22 09:27:25,347,1329.26
2024-07-23 00:02:16,315,4720.36
2025-01-27 07:40:55,484,3254.63
2024-05-12 22:38:20,319,3427.78
2025-02-24 04:51:09,345,856.67
2024-06-23 23:35:45,281,4616.85
2024-05-30 11:25:56,185,986.41
2025-01-14 22:47:12,290,2434.15
2024-08-31 11:03:36,226,1547.11
2024-07-15 02:36:18,384,3423.59
2024-12-25 08:52:07,318,210.46
2024-10-10 13:21:57,338,2000.89
2024-12-28 01:33:08,402,467.53
2024-12-31 16:24:22,187,2817.49
2025-02-22 23:16:16,43,2037.43
2024-06-11 12:07:37,26,4090.04
2025-02-13 07:59:47,379,379.2
2024-08-18 20:08:42,251,4205.9
2024-06-04 00:02:16,109,3231.67
2025-04-06 23:27:31,110,1131.14
2024-08-23 15:53:18,360,2335.25
2024-05-31 04:31:43,469,4677.85
2024-05-17 14:18:27,161,2913.59
2025-01-28 05:31:17,217,1408.37
2024-10-01 15:52:00,262,1290.98
2025-03-01 16:41:03,447,1400.27
2024-09-12 05:07:47,358,553.33
2024-09-04 22:18:35,81,2199.61
2024-05-18 06:05:34,241,2606.77
2024-08-14 12:17:22,258,3013.21
2025-03-04 01:25:23,53,1259.85
2025-04-22 05:24:39,381,2192.96
2024-09-02 15:00:46,29,1833.41
2024-10-10 21:29:36,323,4352.51
2024-12-01 14:54:41,88,3972.38
2024-05-05 06:48:20,133,1012.13
2024-07-07 22:51:15,77,3897.83
2025-01-11 19:20:14,294,2857.69
2024-10-05 10:21:34,459,2855.61
2024-06-06 08:32:46,490,3617.18
2024-09-14 07:37:24,451,2451.77
2025-01-12 06:24:19,337,672.31
2025-01-08 08:27:38,393,4857.34
2024-12-17 01:16:20,184,4745.67
2024-11-09 18:29:32,82,2470.75
2024-12-06 11:12:18,227,1830.66
2024-11-05 20:29:16,492,673.82
2024-11-30 07:39:26,38,1819.75
2025-03-28 09:26:03,57,2207.79
2025-02-21 13:35:09,322,1500.39
2024-05-17 01:55:36,249,1951.71
2025-03-15 14:42:25,119,4981.36
2024-11-04 20:48:09,57,4345.66
2025-03-21 22:20:24,172,2806.1
2024-09-08 04:13:12,19,4507.95
2025-03-02 09:51:41,41,1339.89
2024-08-15 11:54:02,209,4577.62
2024-06-02 15:03:24,362,1763.57
2024-11-11 20:51:14,22,2045.01
2024-12-21 17:44:36,407,4433.87
2025-04-21 12:13:52,111,2660.93
2025-01-01 00:05:10,281,4549.36
